0.626959247649, 0
1.2539184953, 0
1.88087774295, 0
2.5078369906, 0
3.13479623824, 0
3.76175548589, 0
4.38871473354, 0
5.01567398119, 0
5.64263322884, 0
6.26959247649, 0
6.89655172414, 0
7.52351097179, 0
8.15047021944, 0
8.77742946708, 0
9.40438871473, 0
10.0313479624, 0
10.65830721, 0
11.2852664577, 0
11.9122257053, 0
12.539184953, 0
13.1661442006, 0
13.7931034483, 0
14.4200626959, 0
15.0470219436, 0
15.6739811912, 0
16.3009404389, 0
16.9278996865, 0
17.5548589342, 0
18.1818181818, 0
18.8087774295, 0
19.4357366771, 0
20.0626959248, 0
20.6896551724, 0
21.3166144201, 0
21.9435736677, 0
22.5705329154, 0
23.197492163, 0
23.8244514107, 0
24.4514106583, 0
25.078369906, 0
25.7053291536, 0
26.3322884013, 0
26.9592476489, 0
27.5862068966, 0
28.2131661442, 0
28.8401253918, 0
29.4670846395, 0
30.0940438871, 0
30.7210031348, 0
31.3479623824, 0
31.9749216301, 0
32.6018808777, 0
33.2288401254, 0
33.855799373, 0
34.4827586207, 0
35.1097178683, 0
35.736677116, 0
36.3636363636, 0
36.9905956113, 0
37.6175548589, 0
38.2445141066, 0
38.8714733542, 0
39.4984326019, 0
40.1253918495, 0
40.7523510972, 0
41.3793103448, 0
42.0062695925, 0
42.6332288401, 0
43.2601880878, 0
43.8871473354, 0
44.5141065831, 0
45.1410658307, 0
45.7680250784, 0
46.394984326, 0
47.0219435737, 0
47.6489028213, 0
48.275862069, 0
48.9028213166, 0
49.5297805643, 0
50.1567398119, 0
50.7836990596, 0
51.4106583072, 0
52.0376175549, 0
52.6645768025, 0
53.2915360502, 0
53.9184952978, 0
54.5454545455, 0
55.1724137931, 0
55.7993730408, 0
56.4263322884, 0
57.0532915361, 0
57.6802507837, 0
58.3072100313, 0
58.934169279, 0
59.5611285266, 0
60.1880877743, 0
60.8150470219, 0
61.4420062696, 0
62.0689655172, 0
62.6959247649, 0
63.3228840125, 0
63.9498432602, 0
64.5768025078, 0
65.2037617555, 0
65.8307210031, 0
66.4576802508, 0
67.0846394984, 0
67.7115987461, 0
68.3385579937, 0
68.9655172414, 0
69.592476489, 0
70.2194357367, 0
70.8463949843, 0
71.473354232, 0
72.1003134796, 0
72.7272727273, 0
73.3542319749, 0
73.9811912226, 0
74.6081504702, 0
75.2351097179, 0
75.8620689655, 0
76.4890282132, 0
77.1159874608, 0
77.7429467085, 0
78.3699059561, 0
78.9968652038, 0
79.6238244514, 0
80.2507836991, 0
80.8777429467, 0
81.5047021944, 0
82.131661442, 0
82.7586206897, 0
83.3855799373, 0
84.012539185, 0
84.6394984326, 0
85.2664576803, 0
85.8934169279, 0
86.5203761755, 0
87.1473354232, 0
87.7742946708, 0
88.4012539185, 0
89.0282131661, 0
89.6551724138, 0
90.2821316614, 0
90.9090909091, 0
91.5360501567, 0
92.1630094044, 0
92.789968652, 0
93.4169278997, 0
94.0438871473, 0
94.670846395, 0
95.2978056426, 0
95.9247648903, 0
96.5517241379, 0
97.1786833856, 0
97.8056426332, 0
98.4326018809, 0
99.0595611285, 0
99.6865203762, 0
100.313479624, 0
100.940438871, 0
101.567398119, 0
102.194357367, 0
102.821316614, 0
103.448275862, 0
104.07523511, 0
104.702194357, 0
105.329153605, 0
105.956112853, 0
106.5830721, 0
107.210031348, 0
107.836990596, 0
108.463949843, 0
109.090909091, 0
109.717868339, 0
110.344827586, 0
110.971786834, 0
111.598746082, 0
112.225705329, 0
112.852664577, 0
113.479623824, 0
114.106583072, 0
114.73354232, 0
115.360501567, 0
115.987460815, 0
116.614420063, 0
117.24137931, 0
117.868338558, 0
118.495297806, 0
119.122257053, 0
119.749216301, 0
120.376175549, 0
121.003134796, 0
121.630094044, 0
122.257053292, 0
122.884012539, 0
123.510971787, 0
124.137931034, 0
124.764890282, 0
125.39184953, 0
126.018808777, 0
126.645768025, 0
127.272727273, 0
127.89968652, 0
128.526645768, 0
129.153605016, 0
129.780564263, 0
130.407523511, 0
131.034482759, 0
131.661442006, 0
132.288401254, 0
132.915360502, 0
133.542319749, 0
134.169278997, 0
134.796238245, 0
135.423197492, 0
136.05015674, 0
136.677115987, 0
137.304075235, 0
137.931034483, 0
138.55799373, 0
139.184952978, 0
139.811912226, 0
140.438871473, 0
141.065830721, 0
141.692789969, 0
142.319749216, 0
142.946708464, 0
143.573667712, 0
144.200626959, 0
144.827586207, 0
145.454545455, 0
146.081504702, 0
146.70846395, 0
147.335423197, 0
147.962382445, 0
148.589341693, 0
149.21630094, 0
149.843260188, 0
150.470219436, 0
151.097178683, 0
151.724137931, 0
152.351097179, 0
152.978056426, 0
153.605015674, 0
154.231974922, 0
154.858934169, 0
155.485893417, 0
156.112852665, 0
156.739811912, 0
157.36677116, 0
157.993730408, 0
158.620689655, 0
159.247648903, 0
159.87460815, 0
160.501567398, 0
161.128526646, 0
161.755485893, 0
162.382445141, 0
163.009404389, 0
163.636363636, 0
164.263322884, 0
164.890282132, 0
165.517241379, 0
166.144200627, 0
166.771159875, 0
167.398119122, 0
168.02507837, 0
168.652037618, 0
169.278996865, 0
169.905956113, 0
170.532915361, 0
171.159874608, 0
171.786833856, 0
172.413793103, 0
173.040752351, 0
173.667711599, 0
174.294670846, 0
174.921630094, 0
175.548589342, 0
176.175548589, 0
176.802507837, 0
177.429467085, 0
178.056426332, 0
178.68338558, 0
179.310344828, 0
179.937304075, 0
180.564263323, 0
181.191222571, 0
181.818181818, 0
182.445141066, 0
183.072100313, 0
183.699059561, 0
184.326018809, 0
184.952978056, 0
185.579937304, 0
186.206896552, 0
186.833855799, 0
187.460815047, 0
188.087774295, 0
188.714733542, 0
189.34169279, 0
189.968652038, 0
190.595611285, 0
191.222570533, 0
191.849529781, 0
192.476489028, 0
193.103448276, 0
193.730407524, 0
194.357366771, 0
194.984326019, 0
195.611285266, 0
196.238244514, 0
196.865203762, 0
197.492163009, 0
198.119122257, 0
198.746081505, 0
199.373040752, 0
200.0, 0
200.503898592, 0.00124063269132
201.007784966, 0.00496250068372
201.511646905, 0.0111655137331
202.01547219, 0.0198495214353
202.519248607, 0.0310143132293
203.022963939, 0.0446596184028
203.526605974, 0.0607851060985
204.030162499, 0.079390385322
204.533621305, 0.100475004952
205.036970184, 0.124038453749
205.540196932, 0.150080160373
206.043289347, 0.17859949339
206.546235231, 0.209595761292
207.049022388, 0.243068212515
207.551638628, 0.279016035452
208.054071763, 0.317438358477
208.556309612, 0.358334249967
209.058339995, 0.401702718318
209.560150742, 0.447542711978
210.061729684, 0.495853119464
210.563064659, 0.546632769397
211.064143512, 0.599880430523
211.564954093, 0.655594811747
212.065484259, 0.713774562166
212.565721874, 0.774418271095
213.065654808, 0.837524468108
213.565270939, 0.903091623072
214.064558153, 0.971118146181
214.563504345, 1.041602388
215.062097416, 1.11454263949
215.560325276, 1.18993713209
216.058175846, 1.26778403769
216.555637053, 1.34808146876
217.052696837, 1.43082747831
217.549343144, 1.51602006001
218.045563933, 1.6036571482
218.541347171, 1.69373661794
219.036680838, 1.78625628508
219.531552923, 1.8812139063
220.025951427, 1.97860717915
220.519864362, 2.07843374216
221.013279753, 2.18069117483
221.506185636, 2.28537699772
221.998570058, 2.39248867252
222.490421082, 2.5020236021
222.981726781, 2.61397913056
223.472475243, 2.72835254333
223.962654568, 2.84514106719
224.452252872, 2.96434187038
224.941258283, 3.08595206264
225.429658943, 3.20996869529
225.917443011, 3.3363887613
226.40459866, 3.46520919537
226.891114078, 3.59642687399
227.376977467, 3.73003861553
227.862177047, 3.86604118031
228.346701054, 4.00443127069
228.830537739, 4.14520553111
229.313675371, 4.28836054823
229.796102235, 4.43389285098
230.277806634, 4.58179891063
230.758776888, 4.73207514092
231.239001335, 4.8847178981
231.71846833, 5.03972348104
232.197166249, 5.19708813133
232.675083483, 5.35680803335
233.152208446, 5.51887931438
233.628529569, 5.68329804468
234.104035301, 5.8500602376
234.578714114, 6.01916184965
235.052554497, 6.19059878064
235.525544962, 6.36436687373
235.997674041, 6.54046191558
236.468930285, 6.71887963642
236.939302267, 6.89961571015
237.408778584, 7.08266575448
237.87734785, 7.26802533099
238.344998706, 7.45568994528
238.811719812, 7.64565504704
239.277499851, 7.83791603021
239.74232753, 8.03246823302
240.206191577, 8.22930693819
240.669080746, 8.42842737297
241.130983813, 8.62982470928
241.591889578, 8.83349406386
242.051786866, 9.03943049834
242.510664526, 9.24762901939
242.96851143, 9.45808457881
243.425316478, 9.67079207371
243.881068594, 9.88574634656
244.335756727, 10.1029421854
244.789369851, 10.3223743238
245.24189697, 10.5440374413
245.693327109, 10.7679261633
246.143649323, 10.994035061
246.592852694, 11.222358652
247.040926329, 11.4528914002
247.487859364, 11.6856277158
247.933640962, 11.9205619557
248.378260315, 12.1576884235
248.821706641, 12.3970013695
249.263969189, 12.6384949912
249.705037234, 12.882163433
250.144900083, 13.1280007867
250.58354707, 13.3760010916
251.020967559, 13.6261583343
251.457150945, 13.8784664493
251.89208665, 14.1329193189
252.325764129, 14.3895107734
252.758172866, 14.6482345912
253.189302378, 14.9090844991
253.619142211, 15.1720541722
254.047681941, 15.4371372343
254.474911179, 15.704327258
254.900819565, 15.9736177646
255.325396773, 16.2450022248
255.748632507, 16.5184740582
256.170516506, 16.7940266341
256.591038539, 17.071653271
257.010188412, 17.3513472374
257.42795596, 17.6331017516
257.844331054, 17.9169099818
258.259303598, 18.2027650466
258.67286353, 18.4906600149
259.085000823, 18.780587906
259.495705484, 19.0725416901
259.904967554, 19.3665142882
260.31277711, 19.6624985724
260.719124264, 19.9604873659
261.123999162, 20.2604734434
261.527391989, 20.5624495311
261.929292963, 20.8664083071
262.32969234, 21.1723424013
262.728580409, 21.4802443957
263.125947501, 21.7901068245
263.52178398, 22.1019221746
263.916080248, 22.4156828855
264.308826744, 22.7313813492
264.700013946, 23.0490099112
265.089632368, 23.3685608699
265.477672565, 23.6900264771
265.864125125, 24.0133989383
266.248980681, 24.3386704126
266.632229899, 24.6658330133
267.013863487, 24.9948788076
267.393872192, 25.3257998172
267.772246799, 25.6585880181
268.148978135, 25.9932353414
268.524057065, 26.3297336729
268.897474493, 26.6680748534
269.269221367, 27.0082506792
269.639288671, 27.3502529021
270.007667434, 27.6940732296
270.374348723, 28.039703325
270.739323647, 28.387134808
271.102583356, 28.7363592542
271.464119043, 29.0873681961
271.823921942, 29.4401531228
272.181983328, 29.7947054804
272.53829452, 30.1510166719
272.892846877, 30.5090780579
273.245631804, 30.8688809566
273.596640746, 31.2304166437
273.945865192, 31.5936763533
274.293296675, 31.9586512772
274.63892677, 32.3253325659
274.982747098, 32.6937113286
275.324749321, 33.0637786332
275.664925147, 33.4355255067
276.003266327, 33.8089429353
276.339764659, 34.1840218648
276.674411982, 34.5607532006
277.007200183, 34.9391278082
277.338121192, 35.3191365132
277.667166987, 35.7007701014
277.994329587, 36.0840193194
278.319601062, 36.4688748746
278.642973523, 36.8553274354
278.96443913, 37.2433676315
279.283990089, 37.6329860541
279.601618651, 38.0241732561
279.917317115, 38.4169197524
280.231077825, 38.8112160202
280.542893175, 39.2070524988
280.852755604, 39.6044195906
281.160657599, 40.0033076604
281.466591693, 40.4037070366
281.770550469, 40.8056080106
282.072526557, 41.2090008375
282.372512634, 41.6138757364
282.670501428, 42.0202228901
282.966485712, 42.4280324461
283.26045831, 42.8372945161
283.552412094, 43.2479991768
283.842339985, 43.6601364699
284.130234953, 44.0736964023
284.416090018, 44.4886689463
284.699898248, 44.9050440403
284.981652763, 45.3228115883
285.261346729, 45.7419614607
285.538973366, 46.1624834944
285.814525942, 46.5843674931
286.087997775, 47.0076032273
286.359382235, 47.4321804349
286.628672742, 47.8580888211
286.895862766, 48.2853180589
287.160945828, 48.7138577894
287.423915501, 49.1436976217
287.684765409, 49.5748271335
287.943489227, 50.0072358713
288.200080681, 50.4409133504
288.454533551, 50.8758490554
288.706841666, 51.3120324406
288.956998908, 51.7494529298
289.204999213, 52.1880999167
289.450836567, 52.6279627657
289.694505009, 53.0690308113
289.93599863, 53.511293359
290.175311577, 53.9547396853
290.412438044, 54.3993590379
290.647372284, 54.8451406361
290.8801086, 55.2920736711
291.110641348, 55.7401473061
291.338964939, 56.1893506768
291.565073837, 56.6396728912
291.788962559, 57.0911030304
292.010625676, 57.5436301486
292.230057815, 57.9972432735
292.447253653, 58.4519314062
292.662207926, 58.9076835219
292.874915421, 59.36448857
293.085370981, 59.8223354745
293.293569502, 60.2812131338
293.499505936, 60.7411104216
293.703175291, 61.2020161869
293.904572627, 61.6639192539
294.103693062, 62.126808423
294.300531767, 62.5906724705
294.49508397, 63.055500149
294.687344953, 63.5212801881
294.877310055, 63.9880012938
295.064974669, 64.4556521496
295.250334246, 64.9242214164
295.43338429, 65.3936977328
295.614120364, 65.8640697155
295.792538084, 66.3353259592
295.968633126, 66.8074550376
296.142401219, 67.2804455029
296.31383815, 67.7542858864
296.482939762, 68.2289646991
296.649701955, 68.7044704314
296.814120686, 69.1807915536
296.976191967, 69.6579165166
297.135911869, 70.1358337514
297.293276519, 70.6145316699
297.448282102, 71.0939986653
297.600924859, 71.5742231119
297.751201089, 72.0551933657
297.899107149, 72.5368977646
298.044639452, 73.0193246287
298.187794469, 73.5024622607
298.328568729, 73.986298946
298.46695882, 74.4708229529
298.602961384, 74.9560225333
298.736573126, 75.4418859224
298.867790805, 75.9284013397
298.996611239, 76.4155569885
299.123031305, 76.9033410568
299.247047937, 77.3917417174
299.36865813, 77.8807471279
299.487858933, 78.3703454316
299.604647457, 78.860524757
299.719020869, 79.3512732189
299.830976398, 79.8425789181
299.940511327, 80.3344299419
300.047623002, 80.8268143644
300.152308825, 81.3197202468
300.254566258, 81.8131356376
300.354392821, 82.3070485729
300.451786094, 82.801447077
300.546743715, 83.296319162
300.639263382, 83.791652829
300.729342852, 84.2874360674
300.81697994, 84.7836568562
300.902172522, 85.2803031633
300.984918531, 85.7773629468
301.065215962, 86.2748241543
301.143062868, 86.7726747239
301.218457361, 87.2709025843
301.291397612, 87.769495655
301.361881854, 88.2684418465
301.429908377, 88.767729061
301.495475532, 89.2673451923
301.558581729, 89.7672781261
301.619225438, 90.2675157406
301.677405188, 90.7680459065
301.733119569, 91.2688564876
301.786367231, 91.7699353407
301.837146881, 92.2712703161
301.885457288, 92.772849258
301.931297282, 93.2746600045
301.97466575, 93.7766903884
302.015561642, 94.2789282369
302.053983965, 94.7813613723
302.089931787, 95.283977612
302.123404239, 95.7867647692
302.154400507, 96.2897106527
302.18291984, 96.7928030677
302.208961546, 97.2960298157
302.232524995, 97.799378695
302.253609615, 98.3028375009
302.272214894, 98.806394026
302.288340382, 99.3100360607
302.301985687, 99.813751393
302.313150479, 100.31752781
302.321834486, 100.821353095
302.328037499, 101.325215034
302.331759367, 101.829101408
302.333, 102.333
302.331759367, 102.836898592
302.328037499, 103.340784966
302.321834486, 103.844646905
302.313150479, 104.34847219
302.301985687, 104.852248607
302.288340382, 105.355963939
302.272214894, 105.859605974
302.253609615, 106.363162499
302.232524995, 106.866621305
302.208961546, 107.369970184
302.18291984, 107.873196932
302.154400507, 108.376289347
302.123404239, 108.879235231
302.089931787, 109.382022388
302.053983965, 109.884638628
302.015561642, 110.387071763
301.97466575, 110.889309612
301.931297282, 111.391339995
301.885457288, 111.893150742
301.837146881, 112.394729684
301.786367231, 112.896064659
301.733119569, 113.397143512
301.677405188, 113.897954093
301.619225438, 114.398484259
301.558581729, 114.898721874
301.495475532, 115.398654808
301.429908377, 115.898270939
301.361881854, 116.397558153
301.291397612, 116.896504345
301.218457361, 117.395097416
301.143062868, 117.893325276
301.065215962, 118.391175846
300.984918531, 118.888637053
300.902172522, 119.385696837
300.81697994, 119.882343144
300.729342852, 120.378563933
300.639263382, 120.874347171
300.546743715, 121.369680838
300.451786094, 121.864552923
300.354392821, 122.358951427
300.254566258, 122.852864362
300.152308825, 123.346279753
300.047623002, 123.839185636
299.940511327, 124.331570058
299.830976398, 124.823421082
299.719020869, 125.314726781
299.604647457, 125.805475243
299.487858933, 126.295654568
299.36865813, 126.785252872
299.247047937, 127.274258283
299.123031305, 127.762658943
298.996611239, 128.250443011
298.867790805, 128.73759866
298.736573126, 129.224114078
298.602961384, 129.709977467
298.46695882, 130.195177047
298.328568729, 130.679701054
298.187794469, 131.163537739
298.044639452, 131.646675371
297.899107149, 132.129102235
297.751201089, 132.610806634
297.600924859, 133.091776888
297.448282102, 133.572001335
297.293276519, 134.05146833
297.135911869, 134.530166249
296.976191967, 135.008083483
296.814120686, 135.485208446
296.649701955, 135.961529569
296.482939762, 136.437035301
296.31383815, 136.911714114
296.142401219, 137.385554497
295.968633126, 137.858544962
295.792538084, 138.330674041
295.614120364, 138.801930285
295.43338429, 139.272302267
295.250334246, 139.741778584
295.064974669, 140.21034785
294.877310055, 140.677998706
294.687344953, 141.144719812
294.49508397, 141.610499851
294.300531767, 142.07532753
294.103693062, 142.539191577
293.904572627, 143.002080746
293.703175291, 143.463983813
293.499505936, 143.924889578
293.293569502, 144.384786866
293.085370981, 144.843664526
292.874915421, 145.30151143
292.662207926, 145.758316478
292.447253653, 146.214068594
292.230057815, 146.668756727
292.010625676, 147.122369851
291.788962559, 147.57489697
291.565073837, 148.026327109
291.338964939, 148.476649323
291.110641348, 148.925852694
290.8801086, 149.373926329
290.647372284, 149.820859364
290.412438044, 150.266640962
290.175311577, 150.711260315
289.93599863, 151.154706641
289.694505009, 151.596969189
289.450836567, 152.038037234
289.204999213, 152.477900083
288.956998908, 152.91654707
288.706841666, 153.353967559
288.454533551, 153.790150945
288.200080681, 154.22508665
287.943489227, 154.658764129
287.684765409, 155.091172866
287.423915501, 155.522302378
287.160945828, 155.952142211
286.895862766, 156.380681941
286.628672742, 156.807911179
286.359382235, 157.233819565
286.087997775, 157.658396773
285.814525942, 158.081632507
285.538973366, 158.503516506
285.261346729, 158.924038539
284.981652763, 159.343188412
284.699898248, 159.76095596
284.416090018, 160.177331054
284.130234953, 160.592303598
283.842339985, 161.00586353
283.552412094, 161.418000823
283.26045831, 161.828705484
282.966485712, 162.237967554
282.670501428, 162.64577711
282.372512634, 163.052124264
282.072526557, 163.456999162
281.770550469, 163.860391989
281.466591693, 164.262292963
281.160657599, 164.66269234
280.852755604, 165.061580409
280.542893175, 165.458947501
280.231077825, 165.85478398
279.917317115, 166.249080248
279.601618651, 166.641826744
279.283990089, 167.033013946
278.96443913, 167.422632368
278.642973523, 167.810672565
278.319601062, 168.197125125
277.994329587, 168.581980681
277.667166987, 168.965229899
277.338121192, 169.346863487
277.007200183, 169.726872192
276.674411982, 170.105246799
276.339764659, 170.481978135
276.003266327, 170.857057065
275.664925147, 171.230474493
275.324749321, 171.602221367
274.982747098, 171.972288671
274.63892677, 172.340667434
274.293296675, 172.707348723
273.945865192, 173.072323647
273.596640746, 173.435583356
273.245631804, 173.797119043
272.892846877, 174.156921942
272.53829452, 174.514983328
272.181983328, 174.87129452
271.823921942, 175.225846877
271.464119043, 175.578631804
271.102583356, 175.929640746
270.739323647, 176.278865192
270.374348723, 176.626296675
270.007667434, 176.97192677
269.639288671, 177.315747098
269.269221367, 177.657749321
268.897474493, 177.997925147
268.524057065, 178.336266327
268.148978135, 178.672764659
267.772246799, 179.007411982
267.393872192, 179.340200183
267.013863487, 179.671121192
266.632229899, 180.000166987
266.248980681, 180.327329587
265.864125125, 180.652601062
265.477672565, 180.975973523
265.089632368, 181.29743913
264.700013946, 181.616990089
264.308826744, 181.934618651
263.916080248, 182.250317115
263.52178398, 182.564077825
263.125947501, 182.875893175
262.728580409, 183.185755604
262.32969234, 183.493657599
261.929292963, 183.799591693
261.527391989, 184.103550469
261.123999162, 184.405526557
260.719124264, 184.705512634
260.31277711, 185.003501428
259.904967554, 185.299485712
259.495705484, 185.59345831
259.085000823, 185.885412094
258.67286353, 186.175339985
258.259303598, 186.463234953
257.844331054, 186.749090018
257.42795596, 187.032898248
257.010188412, 187.314652763
256.591038539, 187.594346729
256.170516506, 187.871973366
255.748632507, 188.147525942
255.325396773, 188.420997775
254.900819565, 188.692382235
254.474911179, 188.961672742
254.047681941, 189.228862766
253.619142211, 189.493945828
253.189302378, 189.756915501
252.758172866, 190.017765409
252.325764129, 190.276489227
251.89208665, 190.533080681
251.457150945, 190.787533551
251.020967559, 191.039841666
250.58354707, 191.289998908
250.144900083, 191.537999213
249.705037234, 191.783836567
249.263969189, 192.027505009
248.821706641, 192.26899863
248.378260315, 192.508311577
247.933640962, 192.745438044
247.487859364, 192.980372284
247.040926329, 193.2131086
246.592852694, 193.443641348
246.143649323, 193.671964939
245.693327109, 193.898073837
245.24189697, 194.121962559
244.789369851, 194.343625676
244.335756727, 194.563057815
243.881068594, 194.780253653
243.425316478, 194.995207926
242.96851143, 195.207915421
242.510664526, 195.418370981
242.051786866, 195.626569502
241.591889578, 195.832505936
241.130983813, 196.036175291
240.669080746, 196.237572627
240.206191577, 196.436693062
239.74232753, 196.633531767
239.277499851, 196.82808397
238.811719812, 197.020344953
238.344998706, 197.210310055
237.87734785, 197.397974669
237.408778584, 197.583334246
236.939302267, 197.76638429
236.468930285, 197.947120364
235.997674041, 198.125538084
235.525544962, 198.301633126
235.052554497, 198.475401219
234.578714114, 198.64683815
234.104035301, 198.815939762
233.628529569, 198.982701955
233.152208446, 199.147120686
232.675083483, 199.309191967
232.197166249, 199.468911869
231.71846833, 199.626276519
231.239001335, 199.781282102
230.758776888, 199.933924859
230.277806634, 200.084201089
229.796102235, 200.232107149
229.313675371, 200.377639452
228.830537739, 200.520794469
228.346701054, 200.661568729
227.862177047, 200.79995882
227.376977467, 200.935961384
226.891114078, 201.069573126
226.40459866, 201.200790805
225.917443011, 201.329611239
225.429658943, 201.456031305
224.941258283, 201.580047937
224.452252872, 201.70165813
223.962654568, 201.820858933
223.472475243, 201.937647457
222.981726781, 202.052020869
222.490421082, 202.163976398
221.998570058, 202.273511327
221.506185636, 202.380623002
221.013279753, 202.485308825
220.519864362, 202.587566258
220.025951427, 202.687392821
219.531552923, 202.784786094
219.036680838, 202.879743715
218.541347171, 202.972263382
218.045563933, 203.062342852
217.549343144, 203.14997994
217.052696837, 203.235172522
216.555637053, 203.317918531
216.058175846, 203.398215962
215.560325276, 203.476062868
215.062097416, 203.551457361
214.563504345, 203.624397612
214.064558153, 203.694881854
213.565270939, 203.762908377
213.065654808, 203.828475532
212.565721874, 203.891581729
212.065484259, 203.952225438
211.564954093, 204.010405188
211.064143512, 204.066119569
210.563064659, 204.119367231
210.061729684, 204.170146881
209.560150742, 204.218457288
209.058339995, 204.264297282
208.556309612, 204.30766575
208.054071763, 204.348561642
207.551638628, 204.386983965
207.049022388, 204.422931787
206.546235231, 204.456404239
206.043289347, 204.487400507
205.540196932, 204.51591984
205.036970184, 204.541961546
204.533621305, 204.565524995
204.030162499, 204.586609615
203.526605974, 204.605214894
203.022963939, 204.621340382
202.519248607, 204.634985687
202.01547219, 204.646150479
201.511646905, 204.654834486
201.007784966, 204.661037499
200.503898592, 204.664759367
200.0, 204.666
199.765282615, 204.66657789
199.53057092, 204.668311547
199.295870609, 204.671200928
199.06118737, 204.675245963
198.826526894, 204.680446555
198.591894872, 204.686802576
198.357296992, 204.694313874
198.122738942, 204.702980265
197.88822641, 204.712801541
197.653765083, 204.723777462
197.419360644, 204.735907762
197.185018779, 204.749192148
196.950745168, 204.763630297
196.716545492, 204.779221859
196.48242543, 204.795966456
196.248390659, 204.813863683
196.014446852, 204.832913104
195.780599684, 204.853114259
195.546854823, 204.874466657
195.313217937, 204.896969781
195.079694692, 204.920623086
194.846290749, 204.945425996
194.613011768, 204.971377912
194.379863405, 204.998478204
194.146851313, 205.026726215
193.913981143, 205.056121259
193.68125854, 205.086662625
193.448689147, 205.118349571
193.216278604, 205.15118133
192.984032546, 205.185157105
192.751956603, 205.220276072
192.520056404, 205.25653738
192.28833757, 205.29394015
192.056805721, 205.332483475
191.825466471, 205.372166419
191.594325428, 205.412988022
191.363388197, 205.454947293
191.132660378, 205.498043215
190.902147565, 205.542274743
190.671855348, 205.587640804
190.44178931, 205.634140299
190.211955029, 205.681772099
189.982358079, 205.730535051
189.753004026, 205.780427971
189.523898432, 205.83144965
189.295046852, 205.883598851
189.066454835, 205.936874309
188.838127922, 205.991274733
188.610071652, 206.046798803
188.382291553, 206.103445174
188.154793147, 206.161212471
187.927581953, 206.220099294
187.700663478, 206.280104216
187.474043224, 206.341225781
187.247726687, 206.403462507
187.021719354, 206.466812885
186.796026706, 206.531275379
186.570654213, 206.596848427
186.345607341, 206.663530437
186.120891548, 206.731319794
185.89651228, 206.800214854
185.672474979, 206.870213946
185.448785078, 206.941315373
185.225447999, 207.013517411
185.002469159, 207.086818308
184.779853963, 207.161216289
184.55760781, 207.236709549
184.335736088, 207.313296257
184.114244176, 207.390974557
183.893137447, 207.469742565
183.67242126, 207.549598371
183.452100967, 207.630540039
183.232181911, 207.712565606
183.012669424, 207.795673083
182.793568828, 207.879860456
182.574885435, 207.965125683
182.356624549, 208.051466696
182.138791462, 208.138881403
181.921391455, 208.227367683
181.704429799, 208.316923391
181.487911755, 208.407546356
181.271842574, 208.49923438
181.056227493, 208.59198524
180.841071742, 208.685796687
180.626380537, 208.780666447
180.412159083, 208.876592219
180.198412575, 208.973571677
179.985146196, 209.071602471
179.772365116, 209.170682222
179.560074495, 209.270808528
179.348279481, 209.371978962
179.136985208, 209.474191071
178.9261968, 209.577442377
178.715919368, 209.681730375
178.506158011, 209.787052537
178.296917814, 209.893406309
178.088203851, 210.000789114
177.880021183, 210.109198346
177.672374857, 210.218631377
177.465269909, 210.329085555
177.258711359, 210.4405582
177.052704217, 210.55304661
176.847253478, 210.666548057
176.642364122, 210.78105979
176.438041119, 210.896579032
176.234289421, 211.013102981
176.03111397, 211.130628812
175.828519692, 211.249153676
175.626511499, 211.3686747
175.42509429, 211.489188984
175.224272947, 211.610693606
175.024052341, 211.733185622
174.824437326, 211.85666206
174.625432742, 211.981119926
174.427043415, 212.106556204
174.229274154, 212.232967851
174.032129756, 212.360351802
173.835614999, 212.488704969
173.63973465, 212.618024239
173.444493457, 212.748306478
173.249896155, 212.879548525
173.055947462, 213.011747199
172.862652081, 213.144899294
172.670014698, 213.279001582
172.478039985, 213.414050812
172.286732596, 213.550043708
172.096097169, 213.686976973
171.906138328, 213.824847287
171.716860678, 213.963651308
171.528268808, 214.103385669
171.340367291, 214.244046982
171.153160684, 214.385631837
170.966653526, 214.528136801
170.780850338, 214.671558418
170.595755626, 214.815893211
170.411373878, 214.961137681
170.227709564, 215.107288305
170.044767139, 215.25434154
169.862551037, 215.40229382
169.681065677, 215.551141557
169.500315459, 215.700881144
169.320304766, 215.851508948
169.141037963, 216.003021318
168.962519397, 216.15541458
168.784753395, 216.308685039
168.607744269, 216.462828979
168.431496309, 216.617842661
168.256013791, 216.773722328
168.081300967, 216.9304642
167.907362076, 217.088064476
167.734201334, 217.246519335
167.56182294, 217.405824935
167.390231073, 217.565977413
167.219429895, 217.726972887
167.049423546, 217.888807451
166.880216149, 218.051477183
166.711811806, 218.214978138
166.544214601, 218.379306352
166.377428598, 218.54445784
166.21145784, 218.710428598
166.046306352, 218.877214601
165.881978138, 219.044811806
165.718477183, 219.213216149
165.555807451, 219.382423546
165.393972887, 219.552429895
165.232977413, 219.723231073
165.072824935, 219.89482294
164.913519335, 220.067201334
164.755064476, 220.240362076
164.5974642, 220.414300967
164.440722328, 220.589013791
164.284842661, 220.764496309
164.129828979, 220.940744269
163.975685039, 221.117753395
163.82241458, 221.295519397
163.670021318, 221.474037963
163.518508948, 221.653304766
163.367881144, 221.833315459
163.218141557, 222.014065677
163.06929382, 222.195551037
162.92134154, 222.377767139
162.774288305, 222.560709564
162.628137681, 222.744373878
162.482893211, 222.928755626
162.338558418, 223.113850338
162.195136801, 223.299653526
162.052631837, 223.486160684
161.911046982, 223.673367291
161.770385669, 223.861268808
161.630651308, 224.049860678
161.491847287, 224.239138328
161.353976973, 224.429097169
161.217043708, 224.619732596
161.081050812, 224.811039985
160.946001582, 225.003014698
160.811899294, 225.195652081
160.678747199, 225.388947462
160.546548525, 225.582896155
160.415306478, 225.777493457
160.285024239, 225.97273465
160.155704969, 226.168614999
160.027351802, 226.365129756
159.899967851, 226.562274154
159.773556204, 226.760043415
159.648119926, 226.958432742
159.52366206, 227.157437326
159.400185622, 227.357052341
159.277693606, 227.557272947
159.156188984, 227.75809429
159.0356747, 227.959511499
158.916153676, 228.161519692
158.797628812, 228.36411397
158.680102981, 228.567289421
158.563579032, 228.771041119
158.44805979, 228.975364122
158.333548057, 229.180253478
158.22004661, 229.385704217
158.1075582, 229.591711359
157.996085555, 229.798269909
157.885631377, 230.005374857
157.776198346, 230.213021183
157.667789114, 230.421203851
157.560406309, 230.629917814
157.454052537, 230.839158011
157.348730375, 231.048919368
157.244442377, 231.2591968
157.141191071, 231.469985208
157.038978962, 231.681279481
156.937808528, 231.893074495
156.837682222, 232.105365116
156.738602471, 232.318146196
156.640571677, 232.531412575
156.543592219, 232.745159083
156.447666447, 232.959380537
156.352796687, 233.174071742
156.25898524, 233.389227493
156.16623438, 233.604842574
156.074546356, 233.820911755
155.983923391, 234.037429799
155.894367683, 234.254391455
155.805881403, 234.471791462
155.718466696, 234.689624549
155.632125683, 234.907885435
155.546860456, 235.126568828
155.462673083, 235.345669424
155.379565606, 235.565181911
155.297540039, 235.785100967
155.216598371, 236.00542126
155.136742565, 236.226137447
155.057974557, 236.447244176
154.980296257, 236.668736088
154.903709549, 236.89060781
154.828216289, 237.112853963
154.753818308, 237.335469159
154.680517411, 237.558447999
154.608315373, 237.781785078
154.537213946, 238.005474979
154.467214854, 238.22951228
154.398319794, 238.453891548
154.330530437, 238.678607341
154.263848427, 238.903654213
154.198275379, 239.129026706
154.133812885, 239.354719354
154.070462507, 239.580726687
154.008225781, 239.807043224
153.947104216, 240.033663478
153.887099294, 240.260581953
153.828212471, 240.487793147
153.770445174, 240.715291553
153.713798803, 240.943071652
153.658274733, 241.171127922
153.603874309, 241.399454835
153.550598851, 241.628046852
153.49844965, 241.856898432
153.447427971, 242.086004026
153.397535051, 242.315358079
153.348772099, 242.544955029
153.301140299, 242.77478931
153.254640804, 243.004855348
153.209274743, 243.235147565
153.165043215, 243.465660378
153.121947293, 243.696388197
153.079988022, 243.927325428
153.039166419, 244.158466471
152.999483475, 244.389805721
152.96094015, 244.62133757
152.92353738, 244.853056404
152.887276072, 245.084956603
152.852157105, 245.317032546
152.81818133, 245.549278604
152.785349571, 245.781689147
152.753662625, 246.01425854
152.723121259, 246.246981143
152.693726215, 246.479851313
152.665478204, 246.712863405
152.638377912, 246.946011768
152.612425996, 247.179290749
152.587623086, 247.412694692
152.563969781, 247.646217937
152.541466657, 247.879854823
152.520114259, 248.113599684
152.499913104, 248.347446852
152.480863683, 248.581390659
152.462966456, 248.81542543
152.446221859, 249.049545492
152.430630297, 249.283745168
152.416192148, 249.518018779
152.402907762, 249.752360644
152.390777462, 249.986765083
152.379801541, 250.22122641
152.369980265, 250.455738942
152.361313874, 250.690296992
152.353802576, 250.924894872
152.347446555, 251.159526894
152.342245963, 251.39418737
152.338200928, 251.628870609
152.335311547, 251.86357092
152.33357789, 252.098282615
152.333, 252.333
152.331759367, 252.836898592
152.328037499, 253.340784966
152.321834486, 253.844646905
152.313150479, 254.34847219
152.301985687, 254.852248607
152.288340382, 255.355963939
152.272214894, 255.859605974
152.253609615, 256.363162499
152.232524995, 256.866621305
152.208961546, 257.369970184
152.18291984, 257.873196932
152.154400507, 258.376289347
152.123404239, 258.879235231
152.089931787, 259.382022388
152.053983965, 259.884638628
152.015561642, 260.387071763
151.97466575, 260.889309612
151.931297282, 261.391339995
151.885457288, 261.893150742
151.837146881, 262.394729684
151.786367231, 262.896064659
151.733119569, 263.397143512
151.677405188, 263.897954093
151.619225438, 264.398484259
151.558581729, 264.898721874
151.495475532, 265.398654808
151.429908377, 265.898270939
151.361881854, 266.397558153
151.291397612, 266.896504345
151.218457361, 267.395097416
151.143062868, 267.893325276
151.065215962, 268.391175846
150.984918531, 268.888637053
150.902172522, 269.385696837
150.81697994, 269.882343144
150.729342852, 270.378563933
150.639263382, 270.874347171
150.546743715, 271.369680838
150.451786094, 271.864552923
150.354392821, 272.358951427
150.254566258, 272.852864362
150.152308825, 273.346279753
150.047623002, 273.839185636
149.940511327, 274.331570058
149.830976398, 274.823421082
149.719020869, 275.314726781
149.604647457, 275.805475243
149.487858933, 276.295654568
149.36865813, 276.785252872
149.247047937, 277.274258283
149.123031305, 277.762658943
148.996611239, 278.250443011
148.867790805, 278.73759866
148.736573126, 279.224114078
148.602961384, 279.709977467
148.46695882, 280.195177047
148.328568729, 280.679701054
148.187794469, 281.163537739
148.044639452, 281.646675371
147.899107149, 282.129102235
147.751201089, 282.610806634
147.600924859, 283.091776888
147.448282102, 283.572001335
147.293276519, 284.05146833
147.135911869, 284.530166249
146.976191967, 285.008083483
146.814120686, 285.485208446
146.649701955, 285.961529569
146.482939762, 286.437035301
146.31383815, 286.911714114
146.142401219, 287.385554497
145.968633126, 287.858544962
145.792538084, 288.330674041
145.614120364, 288.801930285
145.43338429, 289.272302267
145.250334246, 289.741778584
145.064974669, 290.21034785
144.877310055, 290.677998706
144.687344953, 291.144719812
144.49508397, 291.610499851
144.300531767, 292.07532753
144.103693062, 292.539191577
143.904572627, 293.002080746
143.703175291, 293.463983813
143.499505936, 293.924889578
143.293569502, 294.384786866
143.085370981, 294.843664526
142.874915421, 295.30151143
142.662207926, 295.758316478
142.447253653, 296.214068594
142.230057815, 296.668756727
142.010625676, 297.122369851
141.788962559, 297.57489697
141.565073837, 298.026327109
141.338964939, 298.476649323
141.110641348, 298.925852694
140.8801086, 299.373926329
140.647372284, 299.820859364
140.412438044, 300.266640962
140.175311577, 300.711260315
139.93599863, 301.154706641
139.694505009, 301.596969189
139.450836567, 302.038037234
139.204999213, 302.477900083
138.956998908, 302.91654707
138.706841666, 303.353967559
138.454533551, 303.790150945
138.200080681, 304.22508665
137.943489227, 304.658764129
137.684765409, 305.091172866
137.423915501, 305.522302378
137.160945828, 305.952142211
136.895862766, 306.380681941
136.628672742, 306.807911179
136.359382235, 307.233819565
136.087997775, 307.658396773
135.814525942, 308.081632507
135.538973366, 308.503516506
135.261346729, 308.924038539
134.981652763, 309.343188412
134.699898248, 309.76095596
134.416090018, 310.177331054
134.130234953, 310.592303598
133.842339985, 311.00586353
133.552412094, 311.418000823
133.26045831, 311.828705484
132.966485712, 312.237967554
132.670501428, 312.64577711
132.372512634, 313.052124264
132.072526557, 313.456999162
131.770550469, 313.860391989
131.466591693, 314.262292963
131.160657599, 314.66269234
130.852755604, 315.061580409
130.542893175, 315.458947501
130.231077825, 315.85478398
129.917317115, 316.249080248
129.601618651, 316.641826744
129.283990089, 317.033013946
128.96443913, 317.422632368
128.642973523, 317.810672565
128.319601062, 318.197125125
127.994329587, 318.581980681
127.667166987, 318.965229899
127.338121192, 319.346863487
127.007200183, 319.726872192
126.674411982, 320.105246799
126.339764659, 320.481978135
126.003266327, 320.857057065
125.664925147, 321.230474493
125.324749321, 321.602221367
124.982747098, 321.972288671
124.63892677, 322.340667434
124.293296675, 322.707348723
123.945865192, 323.072323647
123.596640746, 323.435583356
123.245631804, 323.797119043
122.892846877, 324.156921942
122.53829452, 324.514983328
122.181983328, 324.87129452
121.823921942, 325.225846877
121.464119043, 325.578631804
121.102583356, 325.929640746
120.739323647, 326.278865192
120.374348723, 326.626296675
120.007667434, 326.97192677
119.639288671, 327.315747098
119.269221367, 327.657749321
118.897474493, 327.997925147
118.524057065, 328.336266327
118.148978135, 328.672764659
117.772246799, 329.007411982
117.393872192, 329.340200183
117.013863487, 329.671121192
116.632229899, 330.000166987
116.248980681, 330.327329587
115.864125125, 330.652601062
115.477672565, 330.975973523
115.089632368, 331.29743913
114.700013946, 331.616990089
114.308826744, 331.934618651
113.916080248, 332.250317115
113.52178398, 332.564077825
113.125947501, 332.875893175
112.728580409, 333.185755604
112.32969234, 333.493657599
111.929292963, 333.799591693
111.527391989, 334.103550469
111.123999162, 334.405526557
110.719124264, 334.705512634
110.31277711, 335.003501428
109.904967554, 335.299485712
109.495705484, 335.59345831
109.085000823, 335.885412094
108.67286353, 336.175339985
108.259303598, 336.463234953
107.844331054, 336.749090018
107.42795596, 337.032898248
107.010188412, 337.314652763
106.591038539, 337.594346729
106.170516506, 337.871973366
105.748632507, 338.147525942
105.325396773, 338.420997775
104.900819565, 338.692382235
104.474911179, 338.961672742
104.047681941, 339.228862766
103.619142211, 339.493945828
103.189302378, 339.756915501
102.758172866, 340.017765409
102.325764129, 340.276489227
101.89208665, 340.533080681
101.457150945, 340.787533551
101.020967559, 341.039841666
100.58354707, 341.289998908
100.144900083, 341.537999213
99.7050372343, 341.783836567
99.2639691887, 342.027505009
98.821706641, 342.26899863
98.3782603147, 342.508311577
97.9336409621, 342.745438044
97.4878593639, 342.980372284
97.0409263289, 343.2131086
96.5928526939, 343.443641348
96.1436493232, 343.671964939
95.6933271088, 343.898073837
95.2418969696, 344.121962559
94.7893698514, 344.343625676
94.3357567265, 344.563057815
93.8810685938, 344.780253653
93.4253164781, 344.995207926
92.96851143, 345.207915421
92.5106645255, 345.418370981
92.0517868662, 345.626569502
91.5918895784, 345.832505936
91.1309838131, 346.036175291
90.6690807461, 346.237572627
90.206191577, 346.436693062
89.7423275295, 346.633531767
89.277499851, 346.82808397
88.8117198119, 347.020344953
88.3449987062, 347.210310055
87.8773478504, 347.397974669
87.4087785836, 347.583334246
86.9393022672, 347.76638429
86.4689302845, 347.947120364
85.9976740408, 348.125538084
85.5255449624, 348.301633126
85.0525544971, 348.475401219
84.5787141136, 348.64683815
84.1040353009, 348.815939762
83.6285295686, 348.982701955
83.1522084464, 349.147120686
82.6750834834, 349.309191967
82.1971662486, 349.468911869
81.7184683301, 349.626276519
81.2390013347, 349.781282102
80.7587768881, 349.933924859
80.2778066343, 350.084201089
79.7961022354, 350.232107149
79.3136753713, 350.377639452
78.8305377393, 350.520794469
78.346701054, 350.661568729
77.8621770471, 350.79995882
77.3769774667, 350.935961384
76.8911140776, 351.069573126
76.4045986603, 351.200790805
75.9174430115, 351.329611239
75.4296589432, 351.456031305
74.9412582826, 351.580047937
74.4522528721, 351.70165813
73.9626545684, 351.820858933
73.472475243, 351.937647457
72.9817267811, 352.052020869
72.4904210819, 352.163976398
71.9985700581, 352.273511327
71.5061856356, 352.380623002
71.0132797532, 352.485308825
70.5198643624, 352.587566258
70.0259514271, 352.687392821
69.531552923, 352.784786094
69.036680838, 352.879743715
68.541347171, 352.972263382
68.0455639326, 353.062342852
67.5493431438, 353.14997994
67.0526968367, 353.235172522
66.5556370532, 353.317918531
66.0581758457, 353.398215962
65.5603252761, 353.476062868
65.0620974157, 353.551457361
64.563504345, 353.624397612
64.0645581535, 353.694881854
63.565270939, 353.762908377
63.0656548077, 353.828475532
62.5657218739, 353.891581729
62.0654842594, 353.952225438
61.5649540935, 354.010405188
61.0641435124, 354.066119569
60.5630646593, 354.119367231
60.0617296839, 354.170146881
59.560150742, 354.218457288
59.0583399955, 354.264297282
58.5563096116, 354.30766575
58.0540717631, 354.348561642
57.5516386277, 354.386983965
57.049022388, 354.422931787
56.5462352308, 354.456404239
56.0432893473, 354.487400507
55.5401969323, 354.51591984
55.0369701843, 354.541961546
54.533621305, 354.565524995
54.0301624991, 354.586609615
53.526605974, 354.605214894
53.0229639393, 354.621340382
52.519248607, 354.634985687
52.0154721905, 354.646150479
51.5116469049, 354.654834486
51.0077849664, 354.661037499
50.5038985922, 354.664759367
50.0, 354.666
49.4961014078, 354.664759367
48.9922150336, 354.661037499
48.4883530951, 354.654834486
47.9845278095, 354.646150479
47.480751393, 354.634985687
46.9770360607, 354.621340382
46.473394026, 354.605214894
45.9698375009, 354.586609615
45.466378695, 354.565524995
44.9630298157, 354.541961546
44.4598030677, 354.51591984
43.9567106527, 354.487400507
43.4537647692, 354.456404239
42.950977612, 354.422931787
42.4483613723, 354.386983965
41.9459282369, 354.348561642
41.4436903884, 354.30766575
40.9416600045, 354.264297282
40.439849258, 354.218457288
39.9382703161, 354.170146881
39.4369353407, 354.119367231
38.9358564876, 354.066119569
38.4350459065, 354.010405188
37.9345157406, 353.952225438
37.4342781261, 353.891581729
36.9343451923, 353.828475532
36.434729061, 353.762908377
35.9354418465, 353.694881854
35.436495655, 353.624397612
34.9379025843, 353.551457361
34.4396747239, 353.476062868
33.9418241543, 353.398215962
33.4443629468, 353.317918531
32.9473031633, 353.235172522
32.4506568562, 353.14997994
31.9544360674, 353.062342852
31.458652829, 352.972263382
30.963319162, 352.879743715
30.468447077, 352.784786094
29.9740485729, 352.687392821
29.4801356376, 352.587566258
28.9867202468, 352.485308825
28.4938143644, 352.380623002
28.0014299419, 352.273511327
27.5095789181, 352.163976398
27.0182732189, 352.052020869
26.527524757, 351.937647457
26.0373454316, 351.820858933
25.5477471279, 351.70165813
25.0587417174, 351.580047937
24.5703410568, 351.456031305
24.0825569885, 351.329611239
23.5954013397, 351.200790805
23.1088859224, 351.069573126
22.6230225333, 350.935961384
22.1378229529, 350.79995882
21.653298946, 350.661568729
21.1694622607, 350.520794469
20.6863246287, 350.377639452
20.2038977646, 350.232107149
19.7221933657, 350.084201089
19.2412231119, 349.933924859
18.7609986653, 349.781282102
18.2815316699, 349.626276519
17.8028337514, 349.468911869
17.3249165166, 349.309191967
16.8477915536, 349.147120686
16.3714704314, 348.982701955
15.8959646991, 348.815939762
15.4212858864, 348.64683815
14.9474455029, 348.475401219
14.4744550376, 348.301633126
14.0023259592, 348.125538084
13.5310697155, 347.947120364
13.0606977328, 347.76638429
12.5912214164, 347.583334246
12.1226521496, 347.397974669
11.6550012938, 347.210310055
11.1882801881, 347.020344953
10.722500149, 346.82808397
10.2576724705, 346.633531767
9.79380842297, 346.436693062
9.33091925389, 346.237572627
8.86901618686, 346.036175291
8.40811042165, 345.832505936
7.94821313381, 345.626569502
7.48933547448, 345.418370981
7.03148857003, 345.207915421
6.57468352188, 344.995207926
6.11893140616, 344.780253653
5.66424327348, 344.563057815
5.21063014865, 344.343625676
4.75810303042, 344.121962559
4.30667289119, 343.898073837
3.85635067678, 343.671964939
3.40714730615, 343.443641348
2.95907367111, 343.2131086
2.51214063609, 342.980372284
2.06635903787, 342.745438044
1.62173968529, 342.508311577
1.17829335904, 342.26899863
0.736030811342, 342.027505009
0.294962765722, 341.783836567
-0.144900083253, 341.537999213
-0.583547070242, 341.289998908
-1.02096755938, 341.039841666
-1.45715094455, 340.787533551
-1.89208664963, 340.533080681
-2.32576412873, 340.276489227
-2.7581728665, 340.017765409
-3.18930237832, 339.756915501
-3.61914221063, 339.493945828
-4.04768194109, 339.228862766
-4.47491117893, 338.961672742
-4.90081956512, 338.692382235
-5.32539677268, 338.420997775
-5.7486325069, 338.147525942
-6.17051650558, 337.871973366
-6.59103853933, 337.594346729
-7.01018841175, 337.314652763
-7.42795595973, 337.032898248
-7.84433105367, 336.749090018
-8.25930359774, 336.463234953
-8.6728635301, 336.175339985
-9.08500082319, 335.885412094
-9.49570548392, 335.59345831
-9.90496755395, 335.299485712
-10.3127771099, 335.003501428
-10.7191242636, 334.705512634
-11.1239991625, 334.405526557
-11.5273919894, 334.103550469
-11.9292929634, 333.799591693
-12.3296923396, 333.493657599
-12.7285804094, 333.185755604
-13.1259475012, 332.875893175
-13.5217839798, 332.564077825
-13.9160802476, 332.250317115
-14.3088267439, 331.934618651
-14.7000139459, 331.616990089
-15.0896323685, 331.29743913
-15.4776725646, 330.975973523
-15.8641251254, 330.652601062
-16.2489806806, 330.327329587
-16.6322298986, 330.000166987
-17.0138634868, 329.671121192
-17.3938721918, 329.340200183
-17.7722467994, 329.007411982
-18.1489781352, 328.672764659
-18.5240570647, 328.336266327
-18.8974744933, 327.997925147
-19.2692213668, 327.657749321
-19.6392886714, 327.315747098
-20.0076674341, 326.97192677
-20.3743487228, 326.626296675
-20.7393236467, 326.278865192
-21.1025833563, 325.929640746
-21.4641190434, 325.578631804
-21.8239219421, 325.225846877
-22.1819833281, 324.87129452
-22.5382945196, 324.514983328
-22.8928468772, 324.156921942
-23.2456318039, 323.797119043
-23.5966407458, 323.435583356
-23.945865192, 323.072323647
-24.293296675, 322.707348723
-24.6389267704, 322.340667434
-24.9827470979, 321.972288671
-25.3247493208, 321.602221367
-25.6649251466, 321.230474493
-26.0032663271, 320.857057065
-26.3397646586, 320.481978135
-26.6744119819, 320.105246799
-27.0072001828, 319.726872192
-27.3381211924, 319.346863487
-27.6671669867, 318.965229899
-27.9943295874, 318.581980681
-28.3196010617, 318.197125125
-28.6429735229, 317.810672565
-28.9644391301, 317.422632368
-29.2839900888, 317.033013946
-29.6016186508, 316.641826744
-29.9173171145, 316.249080248
-30.2310778254, 315.85478398
-30.5428931755, 315.458947501
-30.8527556043, 315.061580409
-31.1606575987, 314.66269234
-31.4665916929, 314.262292963
-31.7705504689, 313.860391989
-32.0725265566, 313.456999162
-32.3725126341, 313.052124264
-32.6705014276, 312.64577711
-32.9664857118, 312.237967554
-33.2604583099, 311.828705484
-33.552412094, 311.418000823
-33.8423399851, 311.00586353
-34.1302349534, 310.592303598
-34.4160900182, 310.177331054
-34.6998982484, 309.76095596
-34.9816527626, 309.343188412
-35.261346729, 308.924038539
-35.5389733659, 308.503516506
-35.8145259418, 308.081632507
-36.0879977752, 307.658396773
-36.3593822354, 307.233819565
-36.628672742, 306.807911179
-36.8958627657, 306.380681941
-37.1609458278, 305.952142211
-37.4239155009, 305.522302378
-37.6847654088, 305.091172866
-37.9434892266, 304.658764129
-38.2000806811, 304.22508665
-38.4545335507, 303.790150945
-38.7068416657, 303.353967559
-38.9569989084, 302.91654707
-39.2049992133, 302.477900083
-39.450836567, 302.038037234
-39.6945050088, 301.596969189
-39.9359986305, 301.154706641
-40.1753115765, 300.711260315
-40.4124380443, 300.266640962
-40.6473722842, 299.820859364
-40.8801085998, 299.373926329
-41.110641348, 298.925852694
-41.338964939, 298.476649323
-41.5650738367, 298.026327109
-41.7889625587, 297.57489697
-42.0106256762, 297.122369851
-42.2300578146, 296.668756727
-42.4472536534, 296.214068594
-42.6622079263, 295.758316478
-42.8749154212, 295.30151143
-43.0853709806, 294.843664526
-43.2935695017, 294.384786866
-43.4995059361, 293.924889578
-43.7031752907, 293.463983813
-43.904572627, 293.002080746
-44.1036930618, 292.539191577
-44.300531767, 292.07532753
-44.4950839698, 291.610499851
-44.687344953, 291.144719812
-44.8773100547, 290.677998706
-45.064974669, 290.21034785
-45.2503342455, 289.741778584
-45.4333842899, 289.272302267
-45.6141203636, 288.801930285
-45.7925380844, 288.330674041
-45.9686331263, 287.858544962
-46.1424012194, 287.385554497
-46.3138381503, 286.911714114
-46.4829397624, 286.437035301
-46.6497019553, 285.961529569
-46.8141206856, 285.485208446
-46.9761919666, 285.008083483
-47.1359118687, 284.530166249
-47.293276519, 284.05146833
-47.4482821019, 283.572001335
-47.6009248591, 283.091776888
-47.7512010894, 282.610806634
-47.899107149, 282.129102235
-48.0446394518, 281.646675371
-48.1877944689, 281.163537739
-48.3285687293, 280.679701054
-48.4669588197, 280.195177047
-48.6029613845, 279.709977467
-48.736573126, 279.224114078
-48.8677908046, 278.73759866
-48.9966112387, 278.250443011
-49.1230313047, 277.762658943
-49.2470479374, 277.274258283
-49.3686581296, 276.785252872
-49.4878589328, 276.295654568
-49.6046474567, 275.805475243
-49.7190208694, 275.314726781
-49.8309763979, 274.823421082
-49.9405113275, 274.331570058
-50.0476230023, 273.839185636
-50.1523088252, 273.346279753
-50.2545662578, 272.852864362
-50.3543928208, 272.358951427
-50.4517860937, 271.864552923
-50.5467437149, 271.369680838
-50.6392633821, 270.874347171
-50.7293428518, 270.378563933
-50.81697994, 269.882343144
-50.9021725217, 269.385696837
-50.9849185312, 268.888637053
-51.0652159623, 268.391175846
-51.1430628679, 267.893325276
-51.2184573605, 267.395097416
-51.291397612, 266.896504345
-51.3618818538, 266.397558153
-51.4299083769, 265.898270939
-51.4954755319, 265.398654808
-51.5585817289, 264.898721874
-51.6192254378, 264.398484259
-51.6774051883, 263.897954093
-51.7331195695, 263.397143512
-51.7863672306, 262.896064659
-51.8371468805, 262.394729684
-51.885457288, 261.893150742
-51.9312972817, 261.391339995
-51.97466575, 260.889309612
-52.0155616415, 260.387071763
-52.0539839645, 259.884638628
-52.0899317875, 259.382022388
-52.1234042387, 258.879235231
-52.1544005066, 258.376289347
-52.1829198396, 257.873196932
-52.2089615463, 257.369970184
-52.232524995, 256.866621305
-52.2536096147, 256.363162499
-52.2722148939, 255.859605974
-52.2883403816, 255.355963939
-52.3019856868, 254.852248607
-52.3131504786, 254.34847219
-52.3218344863, 253.844646905
-52.3280374993, 253.340784966
-52.3317593673, 252.836898592
-52.333, 252.333
-52.3335778902, 252.098282615
-52.3353115468, 251.86357092
-52.3382009278, 251.628870609
-52.3422459631, 251.39418737
-52.3474465546, 251.159526894
-52.3538025762, 250.924894872
-52.3613138738, 250.690296992
-52.3699802654, 250.455738942
-52.3798015407, 250.22122641
-52.3907774616, 249.986765083
-52.402907762, 249.752360644
-52.4161921477, 249.518018779
-52.4306302967, 249.283745168
-52.4462218589, 249.049545492
-52.4629664562, 248.81542543
-52.4808636826, 248.581390659
-52.4999131042, 248.347446852
-52.5201142591, 248.113599684
-52.5414666574, 247.879854823
-52.5639697815, 247.646217937
-52.5876230856, 247.412694692
-52.6124259963, 247.179290749
-52.6383779122, 246.946011768
-52.665478204, 246.712863405
-52.6937262147, 246.479851313
-52.7231212592, 246.246981143
-52.7536626249, 246.01425854
-52.7853495712, 245.781689147
-52.8181813299, 245.549278604
-52.8521571047, 245.317032546
-52.887276072, 245.084956603
-52.9235373802, 244.853056404
-52.96094015, 244.62133757
-52.9994834746, 244.389805721
-53.0391664194, 244.158466471
-53.0799880223, 243.927325428
-53.1219472933, 243.696388197
-53.1650432152, 243.465660378
-53.209274743, 243.235147565
-53.2546408041, 243.004855348
-53.3011402987, 242.77478931
-53.3487720992, 242.544955029
-53.3975350508, 242.315358079
-53.447427971, 242.086004026
-53.4984496501, 241.856898432
-53.550598851, 241.628046852
-53.6038743092, 241.399454835
-53.658274733, 241.171127922
-53.7137988033, 240.943071652
-53.7704451738, 240.715291553
-53.828212471, 240.487793147
-53.8870992943, 240.260581953
-53.9471042158, 240.033663478
-54.0082257806, 239.807043224
-54.0704625066, 239.580726687
-54.1338128848, 239.354719354
-54.1982753792, 239.129026706
-54.2638484267, 238.903654213
-54.3305304374, 238.678607341
-54.3983197945, 238.453891548
-54.4672148542, 238.22951228
-54.5372139461, 238.005474979
-54.6083153728, 237.781785078
-54.6805174105, 237.558447999
-54.7538183084, 237.335469159
-54.8282162892, 237.112853963
-54.903709549, 236.89060781
-54.9802962573, 236.668736088
-55.057974557, 236.447244176
-55.1367425648, 236.226137447
-55.2165983708, 236.00542126
-55.2975400386, 235.785100967
-55.3795656057, 235.565181911
-55.4626730833, 235.345669424
-55.5468604561, 235.126568828
-55.632125683, 234.907885435
-55.7184666965, 234.689624549
-55.8058814031, 234.471791462
-55.8943676832, 234.254391455
-55.9839233914, 234.037429799
-56.0745463561, 233.820911755
-56.1662343801, 233.604842574
-56.2589852402, 233.389227493
-56.3527966875, 233.174071742
-56.4476664472, 232.959380537
-56.5435922192, 232.745159083
-56.6405716774, 232.531412575
-56.7386024705, 232.318146196
-56.8376822215, 232.105365116
-56.9378085281, 231.893074495
-57.0389789623, 231.681279481
-57.1411910713, 231.469985208
-57.2444423765, 231.2591968
-57.3487303746, 231.048919368
-57.4540525368, 230.839158011
-57.5604063094, 230.629917814
-57.6677891137, 230.421203851
-57.7761983459, 230.213021183
-57.8856313774, 230.005374857
-57.9960855548, 229.798269909
-58.1075582, 229.591711359
-58.22004661, 229.385704217
-58.3335480574, 229.180253478
-58.4480597901, 228.975364122
-58.5635790315, 228.771041119
-58.6801029807, 228.567289421
-58.7976288122, 228.36411397
-58.9161536765, 228.161519692
-59.0356746996, 227.959511499
-59.1561889836, 227.75809429
-59.2776936064, 227.557272947
-59.4001856217, 227.357052341
-59.5236620596, 227.157437326
-59.6481199262, 226.958432742
-59.7735562036, 226.760043415
-59.8999678505, 226.562274154
-60.0273518018, 226.365129756
-60.1557049687, 226.168614999
-60.2850242392, 225.97273465
-60.4153064775, 225.777493457
-60.5465485249, 225.582896155
-60.6787471989, 225.388947462
-60.8118992942, 225.195652081
-60.9460015824, 225.003014698
-61.0810508117, 224.811039985
-61.2170437077, 224.619732596
-61.353976973, 224.429097169
-61.4918472873, 224.239138328
-61.6306513077, 224.049860678
-61.7703856686, 223.861268808
-61.9110469819, 223.673367291
-62.052631837, 223.486160684
-62.1951368009, 223.299653526
-62.3385584182, 223.113850338
-62.4828932114, 222.928755626
-62.6281376809, 222.744373878
-62.7742883049, 222.560709564
-62.9213415396, 222.377767139
-63.0692938196, 222.195551037
-63.2181415573, 222.014065677
-63.3678811437, 221.833315459
-63.5185089481, 221.653304766
-63.6700213182, 221.474037963
-63.8224145803, 221.295519397
-63.9756850393, 221.117753395
-64.1298289788, 220.940744269
-64.2848426613, 220.764496309
-64.4407223283, 220.589013791
-64.5974642001, 220.414300967
-64.7550644761, 220.240362076
-64.9135193352, 220.067201334
-65.0728249351, 219.89482294
-65.2329774133, 219.723231073
-65.3939728865, 219.552429895
-65.5558074511, 219.382423546
-65.718477183, 219.213216149
-65.8819781381, 219.044811806
-66.0463063519, 218.877214601
-66.2114578399, 218.710428598
-66.3774285978, 218.54445784
-66.5442146012, 218.379306352
-66.7118118061, 218.214978138
-66.8802161488, 218.051477183
-67.049423546, 217.888807451
-67.2194298948, 217.726972887
-67.3902310733, 217.565977413
-67.5618229398, 217.405824935
-67.734201334, 217.246519335
-67.907362076, 217.088064476
-68.0813009674, 216.9304642
-68.2560137905, 216.773722328
-68.4314963092, 216.617842661
-68.6077442686, 216.462828979
-68.784753395, 216.308685039
-68.9625193967, 216.15541458
-69.1410379633, 216.003021318
-69.3203047663, 215.851508948
-69.500315459, 215.700881144
-69.6810656767, 215.551141557
-69.8625510367, 215.40229382
-70.0447671386, 215.25434154
-70.2277095643, 215.107288305
-70.4113738778, 214.961137681
-70.5957556259, 214.815893211
-70.7808503378, 214.671558418
-70.9666535257, 214.528136801
-71.1531606844, 214.385631837
-71.3403672915, 214.244046982
-71.5282688079, 214.103385669
-71.7168606776, 213.963651308
-71.9061383278, 213.824847287
-72.0960971691, 213.686976973
-72.2867325955, 213.550043708
-72.4780399848, 213.414050812
-72.6700146982, 213.279001582
-72.862652081, 213.144899294
-73.0559474624, 213.011747199
-73.2498961554, 212.879548525
-73.4444934574, 212.748306478
-73.6397346501, 212.618024239
-73.8356149993, 212.488704969
-74.0321297557, 212.360351802
-74.2292741543, 212.232967851
-74.427043415, 212.106556204
-74.6254327425, 211.981119926
-74.8244373263, 211.85666206
-75.0240523413, 211.733185622
-75.2242729475, 211.610693606
-75.4250942899, 211.489188984
-75.6265114995, 211.3686747
-75.8285196923, 211.249153676
-76.0311139703, 211.130628812
-76.2342894213, 211.013102981
-76.4380411187, 210.896579032
-76.6423641223, 210.78105979
-76.8472534779, 210.666548057
-77.0527042174, 210.55304661
-77.2587113594, 210.4405582
-77.4652699088, 210.329085555
-77.6723748572, 210.218631377
-77.8800211828, 210.109198346
-78.088203851, 210.000789114
-78.2969178138, 209.893406309
-78.5061580107, 209.787052537
-78.7159193682, 209.681730375
-78.9261968002, 209.577442377
-79.1369852081, 209.474191071
-79.3482794809, 209.371978962
-79.5600744954, 209.270808528
-79.7723651162, 209.170682222
-79.9851461959, 209.071602471
-80.1984125752, 208.973571677
-80.4121590831, 208.876592219
-80.6263805368, 208.780666447
-80.841071742, 208.685796687
-81.0562274933, 208.59198524
-81.2718425737, 208.49923438
-81.4879117552, 208.407546356
-81.7044297988, 208.316923391
-81.9213914546, 208.227367683
-82.1387914619, 208.138881403
-82.3566245494, 208.051466696
-82.5748854354, 207.965125683
-82.7935688276, 207.879860456
-83.0126694236, 207.795673083
-83.232181911, 207.712565606
-83.4521009672, 207.630540039
-83.6724212599, 207.549598371
-83.8931374468, 207.469742565
-84.1142441765, 207.390974557
-84.3357360876, 207.313296257
-84.5576078097, 207.236709549
-84.779853963, 207.161216289
-85.0024691588, 207.086818308
-85.2254479993, 207.013517411
-85.4487850779, 206.941315373
-85.6724749795, 206.870213946
-85.8965122801, 206.800214854
-86.1208915476, 206.731319794
-86.3456073415, 206.663530437
-86.570654213, 206.596848427
-86.7960267056, 206.531275379
-87.0217193544, 206.466812885
-87.2477266873, 206.403462507
-87.4740432242, 206.341225781
-87.7006634777, 206.280104216
-87.9275819528, 206.220099294
-88.1547931474, 206.161212471
-88.3822915525, 206.103445174
-88.6100716518, 206.046798803
-88.8381279224, 205.991274733
-89.0664548346, 205.936874309
-89.2950468522, 205.883598851
-89.5238984325, 205.83144965
-89.7530040265, 205.780427971
-89.9823580791, 205.730535051
-90.2119550292, 205.681772099
-90.4417893098, 205.634140299
-90.671855348, 205.587640804
-90.9021475655, 205.542274743
-91.1326603783, 205.498043215
-91.3633881973, 205.454947293
-91.594325428, 205.412988022
-91.8254664709, 205.372166419
-92.0568057214, 205.332483475
-92.2883375703, 205.29394015
-92.5200564037, 205.25653738
-92.7519566031, 205.220276072
-92.9840325456, 205.185157105
-93.216278604, 205.15118133
-93.4486891472, 205.118349571
-93.6812585398, 205.086662625
-93.9139811427, 205.056121259
-94.1468513132, 205.026726215
-94.3798634048, 204.998478204
-94.6130117677, 204.971377912
-94.8462907488, 204.945425996
-95.0796946917, 204.920623086
-95.3132179371, 204.896969781
-95.5468548228, 204.874466657
-95.7805996837, 204.853114259
-96.0144468524, 204.832913104
-96.2483906586, 204.813863683
-96.48242543, 204.795966456
-96.716545492, 204.779221859
-96.9507451678, 204.763630297
-97.1850187787, 204.749192148
-97.4193606445, 204.735907762
-97.6537650829, 204.723777462
-97.8882264104, 204.712801541
-98.122738942, 204.702980265
-98.3572969916, 204.694313874
-98.5918948717, 204.686802576
-98.8265268941, 204.680446555
-99.0611873696, 204.675245963
-99.2958706086, 204.671200928
-99.5305709205, 204.668311547
-99.7652826147, 204.66657789
-100.0, 204.666
-100.503898592, 204.664759367
-101.007784966, 204.661037499
-101.511646905, 204.654834486
-102.01547219, 204.646150479
-102.519248607, 204.634985687
-103.022963939, 204.621340382
-103.526605974, 204.605214894
-104.030162499, 204.586609615
-104.533621305, 204.565524995
-105.036970184, 204.541961546
-105.540196932, 204.51591984
-106.043289347, 204.487400507
-106.546235231, 204.456404239
-107.049022388, 204.422931787
-107.551638628, 204.386983965
-108.054071763, 204.348561642
-108.556309612, 204.30766575
-109.058339995, 204.264297282
-109.560150742, 204.218457288
-110.061729684, 204.170146881
-110.563064659, 204.119367231
-111.064143512, 204.066119569
-111.564954093, 204.010405188
-112.065484259, 203.952225438
-112.565721874, 203.891581729
-113.065654808, 203.828475532
-113.565270939, 203.762908377
-114.064558153, 203.694881854
-114.563504345, 203.624397612
-115.062097416, 203.551457361
-115.560325276, 203.476062868
-116.058175846, 203.398215962
-116.555637053, 203.317918531
-117.052696837, 203.235172522
-117.549343144, 203.14997994
-118.045563933, 203.062342852
-118.541347171, 202.972263382
-119.036680838, 202.879743715
-119.531552923, 202.784786094
-120.025951427, 202.687392821
-120.519864362, 202.587566258
-121.013279753, 202.485308825
-121.506185636, 202.380623002
-121.998570058, 202.273511327
-122.490421082, 202.163976398
-122.981726781, 202.052020869
-123.472475243, 201.937647457
-123.962654568, 201.820858933
-124.452252872, 201.70165813
-124.941258283, 201.580047937
-125.429658943, 201.456031305
-125.917443011, 201.329611239
-126.40459866, 201.200790805
-126.891114078, 201.069573126
-127.376977467, 200.935961384
-127.862177047, 200.79995882
-128.346701054, 200.661568729
-128.830537739, 200.520794469
-129.313675371, 200.377639452
-129.796102235, 200.232107149
-130.277806634, 200.084201089
-130.758776888, 199.933924859
-131.239001335, 199.781282102
-131.71846833, 199.626276519
-132.197166249, 199.468911869
-132.675083483, 199.309191967
-133.152208446, 199.147120686
-133.628529569, 198.982701955
-134.104035301, 198.815939762
-134.578714114, 198.64683815
-135.052554497, 198.475401219
-135.525544962, 198.301633126
-135.997674041, 198.125538084
-136.468930285, 197.947120364
-136.939302267, 197.76638429
-137.408778584, 197.583334246
-137.87734785, 197.397974669
-138.344998706, 197.210310055
-138.811719812, 197.020344953
-139.277499851, 196.82808397
-139.74232753, 196.633531767
-140.206191577, 196.436693062
-140.669080746, 196.237572627
-141.130983813, 196.036175291
-141.591889578, 195.832505936
-142.051786866, 195.626569502
-142.510664526, 195.418370981
-142.96851143, 195.207915421
-143.425316478, 194.995207926
-143.881068594, 194.780253653
-144.335756727, 194.563057815
-144.789369851, 194.343625676
-145.24189697, 194.121962559
-145.693327109, 193.898073837
-146.143649323, 193.671964939
-146.592852694, 193.443641348
-147.040926329, 193.2131086
-147.487859364, 192.980372284
-147.933640962, 192.745438044
-148.378260315, 192.508311577
-148.821706641, 192.26899863
-149.263969189, 192.027505009
-149.705037234, 191.783836567
-150.144900083, 191.537999213
-150.58354707, 191.289998908
-151.020967559, 191.039841666
-151.457150945, 190.787533551
-151.89208665, 190.533080681
-152.325764129, 190.276489227
-152.758172866, 190.017765409
-153.189302378, 189.756915501
-153.619142211, 189.493945828
-154.047681941, 189.228862766
-154.474911179, 188.961672742
-154.900819565, 188.692382235
-155.325396773, 188.420997775
-155.748632507, 188.147525942
-156.170516506, 187.871973366
-156.591038539, 187.594346729
-157.010188412, 187.314652763
-157.42795596, 187.032898248
-157.844331054, 186.749090018
-158.259303598, 186.463234953
-158.67286353, 186.175339985
-159.085000823, 185.885412094
-159.495705484, 185.59345831
-159.904967554, 185.299485712
-160.31277711, 185.003501428
-160.719124264, 184.705512634
-161.123999162, 184.405526557
-161.527391989, 184.103550469
-161.929292963, 183.799591693
-162.32969234, 183.493657599
-162.728580409, 183.185755604
-163.125947501, 182.875893175
-163.52178398, 182.564077825
-163.916080248, 182.250317115
-164.308826744, 181.934618651
-164.700013946, 181.616990089
-165.089632368, 181.29743913
-165.477672565, 180.975973523
-165.864125125, 180.652601062
-166.248980681, 180.327329587
-166.632229899, 180.000166987
-167.013863487, 179.671121192
-167.393872192, 179.340200183
-167.772246799, 179.007411982
-168.148978135, 178.672764659
-168.524057065, 178.336266327
-168.897474493, 177.997925147
-169.269221367, 177.657749321
-169.639288671, 177.315747098
-170.007667434, 176.97192677
-170.374348723, 176.626296675
-170.739323647, 176.278865192
-171.102583356, 175.929640746
-171.464119043, 175.578631804
-171.823921942, 175.225846877
-172.181983328, 174.87129452
-172.53829452, 174.514983328
-172.892846877, 174.156921942
-173.245631804, 173.797119043
-173.596640746, 173.435583356
-173.945865192, 173.072323647
-174.293296675, 172.707348723
-174.63892677, 172.340667434
-174.982747098, 171.972288671
-175.324749321, 171.602221367
-175.664925147, 171.230474493
-176.003266327, 170.857057065
-176.339764659, 170.481978135
-176.674411982, 170.105246799
-177.007200183, 169.726872192
-177.338121192, 169.346863487
-177.667166987, 168.965229899
-177.994329587, 168.581980681
-178.319601062, 168.197125125
-178.642973523, 167.810672565
-178.96443913, 167.422632368
-179.283990089, 167.033013946
-179.601618651, 166.641826744
-179.917317115, 166.249080248
-180.231077825, 165.85478398
-180.542893175, 165.458947501
-180.852755604, 165.061580409
-181.160657599, 164.66269234
-181.466591693, 164.262292963
-181.770550469, 163.860391989
-182.072526557, 163.456999162
-182.372512634, 163.052124264
-182.670501428, 162.64577711
-182.966485712, 162.237967554
-183.26045831, 161.828705484
-183.552412094, 161.418000823
-183.842339985, 161.00586353
-184.130234953, 160.592303598
-184.416090018, 160.177331054
-184.699898248, 159.76095596
-184.981652763, 159.343188412
-185.261346729, 158.924038539
-185.538973366, 158.503516506
-185.814525942, 158.081632507
-186.087997775, 157.658396773
-186.359382235, 157.233819565
-186.628672742, 156.807911179
-186.895862766, 156.380681941
-187.160945828, 155.952142211
-187.423915501, 155.522302378
-187.684765409, 155.091172866
-187.943489227, 154.658764129
-188.200080681, 154.22508665
-188.454533551, 153.790150945
-188.706841666, 153.353967559
-188.956998908, 152.91654707
-189.204999213, 152.477900083
-189.450836567, 152.038037234
-189.694505009, 151.596969189
-189.93599863, 151.154706641
-190.175311577, 150.711260315
-190.412438044, 150.266640962
-190.647372284, 149.820859364
-190.8801086, 149.373926329
-191.110641348, 148.925852694
-191.338964939, 148.476649323
-191.565073837, 148.026327109
-191.788962559, 147.57489697
-192.010625676, 147.122369851
-192.230057815, 146.668756727
-192.447253653, 146.214068594
-192.662207926, 145.758316478
-192.874915421, 145.30151143
-193.085370981, 144.843664526
-193.293569502, 144.384786866
-193.499505936, 143.924889578
-193.703175291, 143.463983813
-193.904572627, 143.002080746
-194.103693062, 142.539191577
-194.300531767, 142.07532753
-194.49508397, 141.610499851
-194.687344953, 141.144719812
-194.877310055, 140.677998706
-195.064974669, 140.21034785
-195.250334246, 139.741778584
-195.43338429, 139.272302267
-195.614120364, 138.801930285
-195.792538084, 138.330674041
-195.968633126, 137.858544962
-196.142401219, 137.385554497
-196.31383815, 136.911714114
-196.482939762, 136.437035301
-196.649701955, 135.961529569
-196.814120686, 135.485208446
-196.976191967, 135.008083483
-197.135911869, 134.530166249
-197.293276519, 134.05146833
-197.448282102, 133.572001335
-197.600924859, 133.091776888
-197.751201089, 132.610806634
-197.899107149, 132.129102235
-198.044639452, 131.646675371
-198.187794469, 131.163537739
-198.328568729, 130.679701054
-198.46695882, 130.195177047
-198.602961384, 129.709977467
-198.736573126, 129.224114078
-198.867790805, 128.73759866
-198.996611239, 128.250443011
-199.123031305, 127.762658943
-199.247047937, 127.274258283
-199.36865813, 126.785252872
-199.487858933, 126.295654568
-199.604647457, 125.805475243
-199.719020869, 125.314726781
-199.830976398, 124.823421082
-199.940511327, 124.331570058
-200.047623002, 123.839185636
-200.152308825, 123.346279753
-200.254566258, 122.852864362
-200.354392821, 122.358951427
-200.451786094, 121.864552923
-200.546743715, 121.369680838
-200.639263382, 120.874347171
-200.729342852, 120.378563933
-200.81697994, 119.882343144
-200.902172522, 119.385696837
-200.984918531, 118.888637053
-201.065215962, 118.391175846
-201.143062868, 117.893325276
-201.218457361, 117.395097416
-201.291397612, 116.896504345
-201.361881854, 116.397558153
-201.429908377, 115.898270939
-201.495475532, 115.398654808
-201.558581729, 114.898721874
-201.619225438, 114.398484259
-201.677405188, 113.897954093
-201.733119569, 113.397143512
-201.786367231, 112.896064659
-201.837146881, 112.394729684
-201.885457288, 111.893150742
-201.931297282, 111.391339995
-201.97466575, 110.889309612
-202.015561642, 110.387071763
-202.053983965, 109.884638628
-202.089931787, 109.382022388
-202.123404239, 108.879235231
-202.154400507, 108.376289347
-202.18291984, 107.873196932
-202.208961546, 107.369970184
-202.232524995, 106.866621305
-202.253609615, 106.363162499
-202.272214894, 105.859605974
-202.288340382, 105.355963939
-202.301985687, 104.852248607
-202.313150479, 104.34847219
-202.321834486, 103.844646905
-202.328037499, 103.340784966
-202.331759367, 102.836898592
-202.333, 102.333
-202.331759367, 101.829101408
-202.328037499, 101.325215034
-202.321834486, 100.821353095
-202.313150479, 100.31752781
-202.301985687, 99.813751393
-202.288340382, 99.3100360607
-202.272214894, 98.806394026
-202.253609615, 98.3028375009
-202.232524995, 97.799378695
-202.208961546, 97.2960298157
-202.18291984, 96.7928030677
-202.154400507, 96.2897106527
-202.123404239, 95.7867647692
-202.089931787, 95.283977612
-202.053983965, 94.7813613723
-202.015561642, 94.2789282369
-201.97466575, 93.7766903884
-201.931297282, 93.2746600045
-201.885457288, 92.772849258
-201.837146881, 92.2712703161
-201.786367231, 91.7699353407
-201.733119569, 91.2688564876
-201.677405188, 90.7680459065
-201.619225438, 90.2675157406
-201.558581729, 89.7672781261
-201.495475532, 89.2673451923
-201.429908377, 88.767729061
-201.361881854, 88.2684418465
-201.291397612, 87.769495655
-201.218457361, 87.2709025843
-201.143062868, 86.7726747239
-201.065215962, 86.2748241543
-200.984918531, 85.7773629468
-200.902172522, 85.2803031633
-200.81697994, 84.7836568562
-200.729342852, 84.2874360674
-200.639263382, 83.791652829
-200.546743715, 83.296319162
-200.451786094, 82.801447077
-200.354392821, 82.3070485729
-200.254566258, 81.8131356376
-200.152308825, 81.3197202468
-200.047623002, 80.8268143644
-199.940511327, 80.3344299419
-199.830976398, 79.8425789181
-199.719020869, 79.3512732189
-199.604647457, 78.860524757
-199.487858933, 78.3703454316
-199.36865813, 77.8807471279
-199.247047937, 77.3917417174
-199.123031305, 76.9033410568
-198.996611239, 76.4155569885
-198.867790805, 75.9284013397
-198.736573126, 75.4418859224
-198.602961384, 74.9560225333
-198.46695882, 74.4708229529
-198.328568729, 73.986298946
-198.187794469, 73.5024622607
-198.044639452, 73.0193246287
-197.899107149, 72.5368977646
-197.751201089, 72.0551933657
-197.600924859, 71.5742231119
-197.448282102, 71.0939986653
-197.293276519, 70.6145316699
-197.135911869, 70.1358337514
-196.976191967, 69.6579165166
-196.814120686, 69.1807915536
-196.649701955, 68.7044704314
-196.482939762, 68.2289646991
-196.31383815, 67.7542858864
-196.142401219, 67.2804455029
-195.968633126, 66.8074550376
-195.792538084, 66.3353259592
-195.614120364, 65.8640697155
-195.43338429, 65.3936977328
-195.250334246, 64.9242214164
-195.064974669, 64.4556521496
-194.877310055, 63.9880012938
-194.687344953, 63.5212801881
-194.49508397, 63.055500149
-194.300531767, 62.5906724705
-194.103693062, 62.126808423
-193.904572627, 61.6639192539
-193.703175291, 61.2020161869
-193.499505936, 60.7411104216
-193.293569502, 60.2812131338
-193.085370981, 59.8223354745
-192.874915421, 59.36448857
-192.662207926, 58.9076835219
-192.447253653, 58.4519314062
-192.230057815, 57.9972432735
-192.010625676, 57.5436301486
-191.788962559, 57.0911030304
-191.565073837, 56.6396728912
-191.338964939, 56.1893506768
-191.110641348, 55.7401473061
-190.8801086, 55.2920736711
-190.647372284, 54.8451406361
-190.412438044, 54.3993590379
-190.175311577, 53.9547396853
-189.93599863, 53.511293359
-189.694505009, 53.0690308113
-189.450836567, 52.6279627657
-189.204999213, 52.1880999167
-188.956998908, 51.7494529298
-188.706841666, 51.3120324406
-188.454533551, 50.8758490554
-188.200080681, 50.4409133504
-187.943489227, 50.0072358713
-187.684765409, 49.5748271335
-187.423915501, 49.1436976217
-187.160945828, 48.7138577894
-186.895862766, 48.2853180589
-186.628672742, 47.8580888211
-186.359382235, 47.4321804349
-186.087997775, 47.0076032273
-185.814525942, 46.5843674931
-185.538973366, 46.1624834944
-185.261346729, 45.7419614607
-184.981652763, 45.3228115883
-184.699898248, 44.9050440403
-184.416090018, 44.4886689463
-184.130234953, 44.0736964023
-183.842339985, 43.6601364699
-183.552412094, 43.2479991768
-183.26045831, 42.8372945161
-182.966485712, 42.4280324461
-182.670501428, 42.0202228901
-182.372512634, 41.6138757364
-182.072526557, 41.2090008375
-181.770550469, 40.8056080106
-181.466591693, 40.4037070366
-181.160657599, 40.0033076604
-180.852755604, 39.6044195906
-180.542893175, 39.2070524988
-180.231077825, 38.8112160202
-179.917317115, 38.4169197524
-179.601618651, 38.0241732561
-179.283990089, 37.6329860541
-178.96443913, 37.2433676315
-178.642973523, 36.8553274354
-178.319601062, 36.4688748746
-177.994329587, 36.0840193194
-177.667166987, 35.7007701014
-177.338121192, 35.3191365132
-177.007200183, 34.9391278082
-176.674411982, 34.5607532006
-176.339764659, 34.1840218648
-176.003266327, 33.8089429353
-175.664925147, 33.4355255067
-175.324749321, 33.0637786332
-174.982747098, 32.6937113286
-174.63892677, 32.3253325659
-174.293296675, 31.9586512772
-173.945865192, 31.5936763533
-173.596640746, 31.2304166437
-173.245631804, 30.8688809566
-172.892846877, 30.5090780579
-172.53829452, 30.1510166719
-172.181983328, 29.7947054804
-171.823921942, 29.4401531228
-171.464119043, 29.0873681961
-171.102583356, 28.7363592542
-170.739323647, 28.387134808
-170.374348723, 28.039703325
-170.007667434, 27.6940732296
-169.639288671, 27.3502529021
-169.269221367, 27.0082506792
-168.897474493, 26.6680748534
-168.524057065, 26.3297336729
-168.148978135, 25.9932353414
-167.772246799, 25.6585880181
-167.393872192, 25.3257998172
-167.013863487, 24.9948788076
-166.632229899, 24.6658330133
-166.248980681, 24.3386704126
-165.864125125, 24.0133989383
-165.477672565, 23.6900264771
-165.089632368, 23.3685608699
-164.700013946, 23.0490099112
-164.308826744, 22.7313813492
-163.916080248, 22.4156828855
-163.52178398, 22.1019221746
-163.125947501, 21.7901068245
-162.728580409, 21.4802443957
-162.32969234, 21.1723424013
-161.929292963, 20.8664083071
-161.527391989, 20.5624495311
-161.123999162, 20.2604734434
-160.719124264, 19.9604873659
-160.31277711, 19.6624985724
-159.904967554, 19.3665142882
-159.495705484, 19.0725416901
-159.085000823, 18.780587906
-158.67286353, 18.4906600149
-158.259303598, 18.2027650466
-157.844331054, 17.9169099818
-157.42795596, 17.6331017516
-157.010188412, 17.3513472374
-156.591038539, 17.071653271
-156.170516506, 16.7940266341
-155.748632507, 16.5184740582
-155.325396773, 16.2450022248
-154.900819565, 15.9736177646
-154.474911179, 15.704327258
-154.047681941, 15.4371372343
-153.619142211, 15.1720541722
-153.189302378, 14.9090844991
-152.758172866, 14.6482345912
-152.325764129, 14.3895107734
-151.89208665, 14.1329193189
-151.457150945, 13.8784664493
-151.020967559, 13.6261583343
-150.58354707, 13.3760010916
-150.144900083, 13.1280007867
-149.705037234, 12.882163433
-149.263969189, 12.6384949912
-148.821706641, 12.3970013695
-148.378260315, 12.1576884235
-147.933640962, 11.9205619557
-147.487859364, 11.6856277158
-147.040926329, 11.4528914002
-146.592852694, 11.222358652
-146.143649323, 10.994035061
-145.693327109, 10.7679261633
-145.24189697, 10.5440374413
-144.789369851, 10.3223743238
-144.335756727, 10.1029421854
-143.881068594, 9.88574634656
-143.425316478, 9.67079207371
-142.96851143, 9.45808457881
-142.510664526, 9.24762901939
-142.051786866, 9.03943049834
-141.591889578, 8.83349406386
-141.130983813, 8.62982470928
-140.669080746, 8.42842737297
-140.206191577, 8.22930693819
-139.74232753, 8.03246823302
-139.277499851, 7.83791603021
-138.811719812, 7.64565504704
-138.344998706, 7.45568994528
-137.87734785, 7.26802533099
-137.408778584, 7.08266575448
-136.939302267, 6.89961571015
-136.468930285, 6.71887963642
-135.997674041, 6.54046191558
-135.525544962, 6.36436687373
-135.052554497, 6.19059878064
-134.578714114, 6.01916184965
-134.104035301, 5.8500602376
-133.628529569, 5.68329804468
-133.152208446, 5.51887931438
-132.675083483, 5.35680803335
-132.197166249, 5.19708813133
-131.71846833, 5.03972348104
-131.239001335, 4.8847178981
-130.758776888, 4.73207514092
-130.277806634, 4.58179891063
-129.796102235, 4.43389285098
-129.313675371, 4.28836054823
-128.830537739, 4.14520553111
-128.346701054, 4.00443127069
-127.862177047, 3.86604118031
-127.376977467, 3.73003861553
-126.891114078, 3.59642687399
-126.40459866, 3.46520919537
-125.917443011, 3.3363887613
-125.429658943, 3.20996869529
-124.941258283, 3.08595206264
-124.452252872, 2.96434187038
-123.962654568, 2.84514106719
-123.472475243, 2.72835254333
-122.981726781, 2.61397913056
-122.490421082, 2.5020236021
-121.998570058, 2.39248867252
-121.506185636, 2.28537699772
-121.013279753, 2.18069117483
-120.519864362, 2.07843374216
-120.025951427, 1.97860717915
-119.531552923, 1.8812139063
-119.036680838, 1.78625628508
-118.541347171, 1.69373661794
-118.045563933, 1.6036571482
-117.549343144, 1.51602006001
-117.052696837, 1.43082747831
-116.555637053, 1.34808146876
-116.058175846, 1.26778403769
-115.560325276, 1.18993713209
-115.062097416, 1.11454263949
-114.563504345, 1.041602388
-114.064558153, 0.971118146181
-113.565270939, 0.903091623072
-113.065654808, 0.837524468108
-112.565721874, 0.774418271095
-112.065484259, 0.713774562166
-111.564954093, 0.655594811747
-111.064143512, 0.599880430523
-110.563064659, 0.546632769397
-110.061729684, 0.495853119464
-109.560150742, 0.447542711978
-109.058339995, 0.401702718318
-108.556309612, 0.358334249967
-108.054071763, 0.317438358477
-107.551638628, 0.279016035452
-107.049022388, 0.243068212515
-106.546235231, 0.209595761292
-106.043289347, 0.17859949339
-105.540196932, 0.150080160373
-105.036970184, 0.124038453749
-104.533621305, 0.100475004952
-104.030162499, 0.079390385322
-103.526605974, 0.0607851060985
-103.022963939, 0.0446596184028
-102.519248607, 0.0310143132293
-102.01547219, 0.0198495214353
-101.511646905, 0.0111655137331
-101.007784966, 0.00496250068372
-100.503898592, 0.00124063269132
-100.0, 0.0
-99.6865203762, 0.0
-99.3730407524, 0.0
-99.0595611285, 0.0
-98.7460815047, 0.0
-98.4326018809, 0.0
-98.1191222571, 0.0
-97.8056426332, 0.0
-97.4921630094, 0.0
-97.1786833856, 0.0
-96.8652037618, 0.0
-96.5517241379, 0.0
-96.2382445141, 0.0
-95.9247648903, 0.0
-95.6112852665, 0.0
-95.2978056426, 0.0
-94.9843260188, 0.0
-94.670846395, 0.0
-94.3573667712, 0.0
-94.0438871473, 0.0
-93.7304075235, 0.0
-93.4169278997, 0.0
-93.1034482759, 0.0
-92.789968652, 0.0
-92.4764890282, 0.0
-92.1630094044, 0.0
-91.8495297806, 0.0
-91.5360501567, 0.0
-91.2225705329, 0.0
-90.9090909091, 0.0
-90.5956112853, 0.0
-90.2821316614, 0.0
-89.9686520376, 0.0
-89.6551724138, 0.0
-89.34169279, 0.0
-89.0282131661, 0.0
-88.7147335423, 0.0
-88.4012539185, 0.0
-88.0877742947, 0.0
-87.7742946708, 0.0
-87.460815047, 0.0
-87.1473354232, 0.0
-86.8338557994, 0.0
-86.5203761755, 0.0
-86.2068965517, 0.0
-85.8934169279, 0.0
-85.5799373041, 0.0
-85.2664576803, 0.0
-84.9529780564, 0.0
-84.6394984326, 0.0
-84.3260188088, 0.0
-84.012539185, 0.0
-83.6990595611, 0.0
-83.3855799373, 0.0
-83.0721003135, 0.0
-82.7586206897, 0.0
-82.4451410658, 0.0
-82.131661442, 0.0
-81.8181818182, 0.0
-81.5047021944, 0.0
-81.1912225705, 0.0
-80.8777429467, 0.0
-80.5642633229, 0.0
-80.2507836991, 0.0
-79.9373040752, 0.0
-79.6238244514, 0.0
-79.3103448276, 0.0
-78.9968652038, 0.0
-78.6833855799, 0.0
-78.3699059561, 0.0
-78.0564263323, 0.0
-77.7429467085, 0.0
-77.4294670846, 0.0
-77.1159874608, 0.0
-76.802507837, 0.0
-76.4890282132, 0.0
-76.1755485893, 0.0
-75.8620689655, 0.0
-75.5485893417, 0.0
-75.2351097179, 0.0
-74.921630094, 0.0
-74.6081504702, 0.0
-74.2946708464, 0.0
-73.9811912226, 0.0
-73.6677115987, 0.0
-73.3542319749, 0.0
-73.0407523511, 0.0
-72.7272727273, 0.0
-72.4137931034, 0.0
-72.1003134796, 0.0
-71.7868338558, 0.0
-71.473354232, 0.0
-71.1598746082, 0.0
-70.8463949843, 0.0
-70.5329153605, 0.0
-70.2194357367, 0.0
-69.9059561129, 0.0
-69.592476489, 0.0
-69.2789968652, 0.0
-68.9655172414, 0.0
-68.6520376176, 0.0
-68.3385579937, 0.0
-68.0250783699, 0.0
-67.7115987461, 0.0
-67.3981191223, 0.0
-67.0846394984, 0.0
-66.7711598746, 0.0
-66.4576802508, 0.0
-66.144200627, 0.0
-65.8307210031, 0.0
-65.5172413793, 0.0
-65.2037617555, 0.0
-64.8902821317, 0.0
-64.5768025078, 0.0
-64.263322884, 0.0
-63.9498432602, 0.0
-63.6363636364, 0.0
-63.3228840125, 0.0
-63.0094043887, 0.0
-62.6959247649, 0.0
-62.3824451411, 0.0
-62.0689655172, 0.0
-61.7554858934, 0.0
-61.4420062696, 0.0
-61.1285266458, 0.0
-60.8150470219, 0.0
-60.5015673981, 0.0
-60.1880877743, 0.0
-59.8746081505, 0.0
-59.5611285266, 0.0
-59.2476489028, 0.0
-58.934169279, 0.0
-58.6206896552, 0.0
-58.3072100313, 0.0
-57.9937304075, 0.0
-57.6802507837, 0.0
-57.3667711599, 0.0
-57.0532915361, 0.0
-56.7398119122, 0.0
-56.4263322884, 0.0
-56.1128526646, 0.0
-55.7993730408, 0.0
-55.4858934169, 0.0
-55.1724137931, 0.0
-54.8589341693, 0.0
-54.5454545455, 0.0
-54.2319749216, 0.0
-53.9184952978, 0.0
-53.605015674, 0.0
-53.2915360502, 0.0
-52.9780564263, 0.0
-52.6645768025, 0.0
-52.3510971787, 0.0
-52.0376175549, 0.0
-51.724137931, 0.0
-51.4106583072, 0.0
-51.0971786834, 0.0
-50.7836990596, 0.0
-50.4702194357, 0.0
-50.1567398119, 0.0
-49.8432601881, 0.0
-49.5297805643, 0.0
-49.2163009404, 0.0
-48.9028213166, 0.0
-48.5893416928, 0.0
-48.275862069, 0.0
-47.9623824451, 0.0
-47.6489028213, 0.0
-47.3354231975, 0.0
-47.0219435737, 0.0
-46.7084639498, 0.0
-46.394984326, 0.0
-46.0815047022, 0.0
-45.7680250784, 0.0
-45.4545454545, 0.0
-45.1410658307, 0.0
-44.8275862069, 0.0
-44.5141065831, 0.0
-44.2006269592, 0.0
-43.8871473354, 0.0
-43.5736677116, 0.0
-43.2601880878, 0.0
-42.9467084639, 0.0
-42.6332288401, 0.0
-42.3197492163, 0.0
-42.0062695925, 0.0
-41.6927899687, 0.0
-41.3793103448, 0.0
-41.065830721, 0.0
-40.7523510972, 0.0
-40.4388714734, 0.0
-40.1253918495, 0.0
-39.8119122257, 0.0
-39.4984326019, 0.0
-39.1849529781, 0.0
-38.8714733542, 0.0
-38.5579937304, 0.0
-38.2445141066, 0.0
-37.9310344828, 0.0
-37.6175548589, 0.0
-37.3040752351, 0.0
-36.9905956113, 0.0
-36.6771159875, 0.0
-36.3636363636, 0.0
-36.0501567398, 0.0
-35.736677116, 0.0
-35.4231974922, 0.0
-35.1097178683, 0.0
-34.7962382445, 0.0
-34.4827586207, 0.0
-34.1692789969, 0.0
-33.855799373, 0.0
-33.5423197492, 0.0
-33.2288401254, 0.0
-32.9153605016, 0.0
-32.6018808777, 0.0
-32.2884012539, 0.0
-31.9749216301, 0.0
-31.6614420063, 0.0
-31.3479623824, 0.0
-31.0344827586, 0.0
-30.7210031348, 0.0
-30.407523511, 0.0
-30.0940438871, 0.0
-29.7805642633, 0.0
-29.4670846395, 0.0
-29.1536050157, 0.0
-28.8401253918, 0.0
-28.526645768, 0.0
-28.2131661442, 0.0
-27.8996865204, 0.0
-27.5862068966, 0.0
-27.2727272727, 0.0
-26.9592476489, 0.0
-26.6457680251, 0.0
-26.3322884013, 0.0
-26.0188087774, 0.0
-25.7053291536, 0.0
-25.3918495298, 0.0
-25.078369906, 0.0
-24.7648902821, 0.0
-24.4514106583, 0.0
-24.1379310345, 0.0
-23.8244514107, 0.0
-23.5109717868, 0.0
-23.197492163, 0.0
-22.8840125392, 0.0
-22.5705329154, 0.0
-22.2570532915, 0.0
-21.9435736677, 0.0
-21.6300940439, 0.0
-21.3166144201, 0.0
-21.0031347962, 0.0
-20.6896551724, 0.0
-20.3761755486, 0.0
-20.0626959248, 0.0
-19.7492163009, 0.0
-19.4357366771, 0.0
-19.1222570533, 0.0
-18.8087774295, 0.0
-18.4952978056, 0.0
-18.1818181818, 0.0
-17.868338558, 0.0
-17.5548589342, 0.0
-17.2413793103, 0.0
-16.9278996865, 0.0
-16.6144200627, 0.0
-16.3009404389, 0.0
-15.987460815, 0.0
-15.6739811912, 0.0
-15.3605015674, 0.0
-15.0470219436, 0.0
-14.7335423197, 0.0
-14.4200626959, 0.0
-14.1065830721, 0.0
-13.7931034483, 0.0
-13.4796238245, 0.0
-13.1661442006, 0.0
-12.8526645768, 0.0
-12.539184953, 0.0
-12.2257053292, 0.0
-11.9122257053, 0.0
-11.5987460815, 0.0
-11.2852664577, 0.0
-10.9717868339, 0.0
-10.65830721, 0.0
-10.3448275862, 0.0
-10.0313479624, 0.0
-9.71786833856, 0.0
-9.40438871473, 0.0
-9.09090909091, 0.0
-8.77742946708, 0.0
-8.46394984326, 0.0
-8.15047021944, 0.0
-7.83699059561, 0.0
-7.52351097179, 0.0
-7.21003134796, 0.0
-6.89655172414, 0.0
-6.58307210031, 0.0
-6.26959247649, 0.0
-5.95611285266, 0.0
-5.64263322884, 0.0
-5.32915360502, 0.0
-5.01567398119, 0.0
-4.70219435737, 0.0
-4.38871473354, 0.0
-4.07523510972, 0.0
-3.76175548589, 0.0
-3.44827586207, 0.0
-3.13479623824, 0.0
-2.82131661442, 0.0
-2.5078369906, 0.0
-2.19435736677, 0.0
-1.88087774295, 0.0
-1.56739811912, 0.0
-1.2539184953, 0.0
-0.940438871473, 0.0
-0.626959247649, 0.0
-0.313479623824, 0.0
-2.84217094304e-14, 0.0
